Algorithm,Directed,Nodes,Edges,Seed,Run,StartNode,RuntimeMs,MemoryBeforeKB,MemoryAfterKB,MemoryDeltaKB,Visited
BFS,true,100,111,42,1,28,5.114166,1155,1525,370,21
BFS,true,100,111,42,2,33,0.16425,1181,1222,41,1
DFS,true,100,111,42,1,33,0.182209,1180,1221,41,1
DFS,true,100,111,42,2,20,0.148916,1181,1222,41,1
BipartiteCheck,true,100,111,42,1,10,0.500125,1181,1222,41,21
BipartiteCheck,true,100,111,42,2,93,0.252958,1181,1222,41,21
Dijkstra,true,100,110,42,1,29,1.378875,1181,1271,90,1
Dijkstra,true,100,110,42,2,49,0.168292,1188,1229,41,1
BellmanFord,true,100,110,42,1,97,0.665334,1188,1270,82,600
BellmanFord,true,100,110,42,2,37,0.274584,1190,1231,41,200
AStar,true,100,110,42,1,60,0.405292,1190,1272,82,7
AStar,true,100,110,42,2,38,0.220166,1190,1231,41,5
MaxFlow_EdmondsKarp,true,100,110,42,1,47,0.162334,1190,1273,83,0
MaxFlow_EdmondsKarp,true,100,110,42,2,86,0.150542,1191,1273,82,0
BFS,true,100,103,1337,1,89,0.204875,1189,1230,41,6
BFS,true,100,103,1337,2,64,0.354875,1189,1271,82,14
DFS,true,100,103,1337,1,50,0.179541,1189,1230,41,3
DFS,true,100,103,1337,2,12,0.241333,1189,1230,41,6
BipartiteCheck,true,100,103,1337,1,97,0.145542,1189,1230,41,7
BipartiteCheck,true,100,103,1337,2,27,0.15525,1189,1230,41,7
Dijkstra,true,100,111,1337,1,74,0.129208,1189,1230,41,1
Dijkstra,true,100,111,1337,2,59,0.340334,1189,1271,82,24
BellmanFord,true,100,111,1337,1,7,0.220458,1189,1230,41,100
BellmanFord,true,100,111,1337,2,46,0.349625,1191,1232,41,300
AStar,true,100,111,1337,1,78,0.431208,1191,1272,81,24
AStar,true,100,111,1337,2,63,0.226083,1191,1232,41,10
MaxFlow_EdmondsKarp,true,100,111,1337,1,72,0.145833,1191,1273,82,0
MaxFlow_EdmondsKarp,true,100,111,1337,2,96,0.13225,1191,1273,82,0
BFS,true,100,93,2024,1,89,0.179083,1188,1229,41,2
BFS,true,100,93,2024,2,6,0.139875,1188,1229,41,1
DFS,true,100,93,2024,1,18,0.259542,1188,1229,41,10
DFS,true,100,93,2024,2,44,0.178208,1188,1229,41,3
BipartiteCheck,true,100,93,2024,1,54,0.151667,1188,1229,41,8
BipartiteCheck,true,100,93,2024,2,26,0.134084,1188,1229,41,8
Dijkstra,true,100,101,2024,1,50,0.354208,1188,1270,82,34
Dijkstra,true,100,101,2024,2,54,0.126042,1188,1229,41,1
BellmanFord,true,100,101,2024,1,73,0.210708,1188,1229,41,200
BellmanFord,true,100,101,2024,2,18,0.294209,1189,1273,84,400
AStar,true,100,101,2024,1,53,0.141667,1189,1230,41,1
AStar,true,100,101,2024,2,43,0.116708,1189,1230,41,1
MaxFlow_EdmondsKarp,true,100,101,2024,1,41,0.221041,1189,1272,83,0
MaxFlow_EdmondsKarp,true,100,101,2024,2,90,0.137834,1189,1272,83,0
BFS,true,100,484,42,1,76,2.794208,1204,3052,1848,99
BFS,true,100,484,42,2,23,2.147708,1204,3153,1949,99
DFS,true,100,484,42,1,90,0.1095,1204,1242,38,1
DFS,true,100,484,42,2,67,3.830792,1204,3485,2281,99
BipartiteCheck,true,100,484,42,1,44,0.173834,1204,1281,77,4
BipartiteCheck,true,100,484,42,2,10,0.121667,1204,1281,77,4
Dijkstra,true,100,470,42,1,56,0.656792,1204,1436,232,98
Dijkstra,true,100,470,42,2,28,0.5725,1205,1438,233,98
BellmanFord,true,100,470,42,1,97,0.970875,1205,1438,233,500
BellmanFord,true,100,470,42,2,0,0.972583,1205,1438,233,500
AStar,true,100,470,42,1,6,0.700333,1205,1438,233,98
AStar,true,100,470,42,2,96,0.128292,1205,1283,78,2
MaxFlow_EdmondsKarp,true,100,470,42,1,40,0.983625,1205,1360,155,43
MaxFlow_EdmondsKarp,true,100,470,42,2,34,0.974791,1205,1360,155,45
BFS,true,100,446,1337,1,18,1.452625,1204,3080,1876,100
BFS,true,100,446,1337,2,53,1.257583,1204,3081,1877,100
DFS,true,100,446,1337,1,20,2.963875,1204,1298,94,100
DFS,true,100,446,1337,2,79,2.764625,1204,5499,4295,100
BipartiteCheck,true,100,446,1337,1,62,0.132333,1204,1298,94,9
BipartiteCheck,true,100,446,1337,2,43,0.131792,1204,1298,94,9
Dijkstra,true,100,477,1337,1,29,0.600084,1204,1391,187,99
Dijkstra,true,100,477,1337,2,3,0.584333,1206,1392,186,99
BellmanFord,true,100,477,1337,1,56,1.13475,1206,1486,280,600
BellmanFord,true,100,477,1337,2,30,0.99375,1206,1392,186,500
AStar,true,100,477,1337,1,3,0.462792,1206,1392,186,42
AStar,true,100,477,1337,2,28,0.148209,1206,1299,93,8
MaxFlow_EdmondsKarp,true,100,477,1337,1,95,0.479833,1206,1392,186,76
MaxFlow_EdmondsKarp,true,100,477,1337,2,20,0.4605,1206,1392,186,65
BFS,true,100,484,2024,1,66,2.512375,1204,3164,1960,100
BFS,true,100,484,2024,2,78,2.354917,1204,3163,1959,100
DFS,true,100,484,2024,1,89,5.520334,1204,5675,4471,100
DFS,true,100,484,2024,2,59,5.117375,1204,5575,4371,100
BipartiteCheck,true,100,484,2024,1,84,0.131041,1204,1293,89,10
BipartiteCheck,true,100,484,2024,2,97,0.117,1204,1293,89,10
Dijkstra,true,100,467,2024,1,73,0.602167,1204,1471,267,100
Dijkstra,true,100,467,2024,2,68,0.609125,1206,1384,178,100
BellmanFord,true,100,467,2024,1,57,1.113416,1206,1477,271,600
BellmanFord,true,100,467,2024,2,99,1.0885,1206,1473,267,600
AStar,true,100,467,2024,1,14,0.196458,1206,1295,89,13
AStar,true,100,467,2024,2,73,0.229041,1206,1384,178,19
MaxFlow_EdmondsKarp,true,100,467,2024,1,76,0.67725,1206,1384,178,76
MaxFlow_EdmondsKarp,true,100,467,2024,2,51,0.17025,1206,1295,89,4
BFS,true,100,940,42,1,75,2.91575,1219,3356,2137,100
BFS,true,100,940,42,2,93,2.556833,1219,3431,2212,100
DFS,true,100,940,42,1,70,12.599375,1219,4307,3088,100
DFS,true,100,940,42,2,82,5.846375,1219,4540,3321,100
BipartiteCheck,true,100,940,42,1,23,0.126584,1219,1310,91,4
BipartiteCheck,true,100,940,42,2,78,0.108042,1219,1310,91,4
Dijkstra,true,100,881,42,1,54,0.64825,1219,1401,182,100
Dijkstra,true,100,881,42,2,28,0.642,1220,1402,182,100
BellmanFord,true,100,881,42,1,45,1.646458,1220,1493,273,600
BellmanFord,true,100,881,42,2,76,1.68525,1220,1493,273,600
AStar,true,100,881,42,1,68,0.397333,1220,1402,182,18
AStar,true,100,881,42,2,91,0.162167,1220,1311,91,6
MaxFlow_EdmondsKarp,true,100,881,42,1,64,0.543125,1220,1402,182,116
MaxFlow_EdmondsKarp,true,100,881,42,2,61,0.54375,1220,1402,182,139
BFS,true,100,968,1337,1,84,1.083542,1222,3453,2231,100
BFS,true,100,968,1337,2,57,0.789708,1222,3438,2216,100
DFS,true,100,968,1337,1,96,4.465083,1222,5845,4623,100
DFS,true,100,968,1337,2,1,3.746584,1222,5530,4308,100
BipartiteCheck,true,100,968,1337,1,96,0.108625,1222,1314,92,3
BipartiteCheck,true,100,968,1337,2,32,0.104959,1222,1314,92,3
Dijkstra,true,100,964,1337,1,84,0.718208,1222,1406,184,100
Dijkstra,true,100,964,1337,2,80,0.753875,1223,1408,185,100
BellmanFord,true,100,964,1337,1,70,1.583208,1223,1500,277,500
BellmanFord,true,100,964,1337,2,3,1.589625,1223,1500,277,500
AStar,true,100,964,1337,1,5,0.218166,1223,1408,185,13
AStar,true,100,964,1337,2,6,0.169583,1223,1316,93,6
MaxFlow_EdmondsKarp,true,100,964,1337,1,59,0.49375,1223,1408,185,126
MaxFlow_EdmondsKarp,true,100,964,1337,2,11,0.399916,1223,1408,185,86
BFS,true,100,976,2024,1,53,0.796167,1221,3362,2141,100
BFS,true,100,976,2024,2,56,0.765417,1221,3438,2217,100
DFS,true,100,976,2024,1,60,4.198459,1221,5846,4625,100
DFS,true,100,976,2024,2,11,3.482917,1221,5295,4074,100
BipartiteCheck,true,100,976,2024,1,86,0.112375,1221,1319,98,4
BipartiteCheck,true,100,976,2024,2,10,0.104959,1221,1319,98,4
Dijkstra,true,100,950,2024,1,20,0.650584,1221,1417,196,100
Dijkstra,true,100,950,2024,2,54,0.652416,1223,1418,195,100
BellmanFord,true,100,950,2024,1,49,1.766,1223,1618,395,600
BellmanFord,true,100,950,2024,2,69,1.800958,1223,1516,293,600
AStar,true,100,950,2024,1,64,0.137917,1223,1321,98,3
AStar,true,100,950,2024,2,8,0.197209,1223,1418,195,17
MaxFlow_EdmondsKarp,true,100,950,2024,1,74,0.436916,1223,1418,195,71
MaxFlow_EdmondsKarp,true,100,950,2024,2,6,0.399,1223,1419,196,94
BFS,true,500,2449,42,1,491,17.411042,1451,38859,37408,499
BFS,true,500,2449,42,2,392,16.380458,1451,31696,30245,499
DFS,true,500,2449,42,1,391,29.160709,1451,9704,8253,499
DFS,true,500,2449,42,2,68,27.738166,1451,18917,17466,499
BipartiteCheck,true,500,2449,42,1,417,0.193125,1451,1553,102,11
BipartiteCheck,true,500,2449,42,2,313,0.122292,1451,1553,102,11
Dijkstra,true,500,2404,42,1,389,1.742666,1451,2468,1017,497
Dijkstra,true,500,2404,42,2,107,1.509583,1459,2375,916,497
BellmanFord,true,500,2404,42,1,34,3.199708,1459,3735,2276,4500
BellmanFord,true,500,2404,42,2,451,1.89175,1459,3498,2039,4500
AStar,true,500,2404,42,1,271,0.575542,1459,1828,369,50
AStar,true,500,2404,42,2,346,0.585167,1459,1920,461,75
MaxFlow_EdmondsKarp,true,500,2404,42,1,165,2.704041,1459,2667,1208,71
MaxFlow_EdmondsKarp,true,500,2404,42,2,217,6.275708,1459,2852,1393,139
BFS,true,500,2519,1337,1,101,16.170459,1455,40911,39456,499
BFS,true,500,2519,1337,2,404,16.684542,1455,32214,30759,499
DFS,true,500,2519,1337,1,487,31.894458,1455,19434,17979,499
DFS,true,500,2519,1337,2,106,33.935542,1455,29156,27701,499
BipartiteCheck,true,500,2519,1337,1,405,0.1955,1455,1557,102,8
BipartiteCheck,true,500,2519,1337,2,19,0.150041,1455,1557,102,8
Dijkstra,true,500,2489,1337,1,135,1.532917,1455,2468,1013,495
Dijkstra,true,500,2489,1337,2,429,1.444959,1463,2475,1012,495
BellmanFord,true,500,2489,1337,1,281,2.330959,1463,3398,1935,4000
BellmanFord,true,500,2489,1337,2,170,1.374,1463,3094,1631,3000
AStar,true,500,2489,1337,1,99,0.920875,1463,1666,203,23
AStar,true,500,2489,1337,2,234,0.825125,1463,2172,709,153
MaxFlow_EdmondsKarp,true,500,2489,1337,1,182,6.357,1463,2892,1429,136
MaxFlow_EdmondsKarp,true,500,2489,1337,2,202,2.444083,1463,2690,1227,65
BFS,true,500,2498,2024,1,169,23.992166,1455,40400,38945,498
BFS,true,500,2498,2024,2,426,42.868625,1455,32214,30759,498
DFS,true,500,2498,2024,1,498,31.784209,1455,12784,11329,498
DFS,true,500,2498,2024,2,444,29.787875,1455,28131,26676,498
BipartiteCheck,true,500,2498,2024,1,73,0.175,1455,1556,101,10
BipartiteCheck,true,500,2498,2024,2,134,0.1135,1455,1556,101,10
Dijkstra,true,500,2485,2024,1,296,1.498833,1455,2467,1012,496
Dijkstra,true,500,2485,2024,2,17,1.520541,1463,2475,1012,496
BellmanFord,true,500,2485,2024,1,310,1.723417,1463,3713,2250,5000
BellmanFord,true,500,2485,2024,2,169,1.735041,1463,3690,2227,4500
AStar,true,500,2485,2024,1,316,1.537917,1463,2738,1275,378
AStar,true,500,2485,2024,2,250,0.709916,1463,2132,669,144
MaxFlow_EdmondsKarp,true,500,2485,2024,1,377,1.362834,1463,2571,1108,28
MaxFlow_EdmondsKarp,true,500,2485,2024,2,176,1.312125,1463,2655,1192,47
BFS,true,500,12416,42,1,386,16.864417,2100,13922,11822,500
BFS,true,500,12416,42,2,323,17.622292,2100,43617,41517,500
DFS,true,500,12416,42,1,448,553.489958,2100,45881,43781,500
DFS,true,500,12416,42,2,268,577.469917,2100,15117,13017,500
BipartiteCheck,true,500,12416,42,1,237,0.189416,2100,2243,143,4
BipartiteCheck,true,500,12416,42,2,356,0.143,2100,2243,143,4
Dijkstra,true,500,12381,42,1,377,3.90525,2100,3837,1737,500
Dijkstra,true,500,12381,42,2,120,4.204209,2108,3845,1737,500
BellmanFord,true,500,12381,42,1,425,3.484625,2108,6774,4666,3000
BellmanFord,true,500,12381,42,2,400,3.902416,2108,7161,5053,3500
AStar,true,500,12381,42,1,323,0.558917,2108,2659,551,20
AStar,true,500,12381,42,2,48,0.20325,2108,2246,138,2
MaxFlow_EdmondsKarp,true,500,12381,42,1,78,12.357958,2108,4569,2461,350
MaxFlow_EdmondsKarp,true,500,12381,42,2,318,9.347083,2108,4295,2187,273
BFS,true,500,12319,1337,1,390,15.901708,2091,37465,35374,500
BFS,true,500,12319,1337,2,81,15.038,2091,37468,35377,500
DFS,true,500,12319,1337,1,349,575.190875,2091,43830,41739,500
DFS,true,500,12319,1337,2,261,534.350625,2091,37630,35539,500
BipartiteCheck,true,500,12319,1337,1,8,0.248792,2091,2233,142,2
BipartiteCheck,true,500,12319,1337,2,435,0.148792,2091,2233,142,2
Dijkstra,true,500,12264,1337,1,496,1.797292,2091,3823,1732,500
Dijkstra,true,500,12264,1337,2,407,1.640167,2099,3831,1732,500
BellmanFord,true,500,12264,1337,1,403,3.125416,2099,6620,4521,3000
BellmanFord,true,500,12264,1337,2,269,3.144917,2099,7004,4905,3000
AStar,true,500,12264,1337,1,337,0.828125,2099,2775,676,34
AStar,true,500,12264,1337,2,274,0.7355,2099,2775,676,36
MaxFlow_EdmondsKarp,true,500,12264,1337,1,79,10.677541,2099,4071,1972,203
MaxFlow_EdmondsKarp,true,500,12264,1337,2,44,9.7055,2099,4147,2048,230
BFS,true,500,12630,2024,1,44,14.846875,2107,37480,35373,500
BFS,true,500,12630,2024,2,328,14.681916,2107,37484,35377,500
DFS,true,500,12630,2024,1,312,590.211042,2107,82876,80769,500
DFS,true,500,12630,2024,2,267,554.429417,2107,76097,73990,500
BipartiteCheck,true,500,12630,2024,1,469,0.201292,2107,2250,143,2
BipartiteCheck,true,500,12630,2024,2,137,0.118792,2107,2250,143,2
Dijkstra,true,500,12454,2024,1,313,1.84825,2107,3845,1738,500
Dijkstra,true,500,12454,2024,2,44,1.298917,2115,3852,1737,500
BellmanFord,true,500,12454,2024,1,26,2.893041,2115,6496,4381,2500
BellmanFord,true,500,12454,2024,2,147,2.923833,2115,6882,4767,3000
AStar,true,500,12454,2024,1,328,0.452833,2115,2382,267,7
AStar,true,500,12454,2024,2,312,0.558791,2115,2516,401,11
MaxFlow_EdmondsKarp,true,500,12454,2024,1,399,6.146208,2115,4163,2048,234
MaxFlow_EdmondsKarp,true,500,12454,2024,2,414,9.48175,2115,4297,2182,262
BFS,true,500,24829,42,1,254,14.781208,2934,39848,36914,500
BFS,true,500,24829,42,2,68,15.2375,2934,39853,36919,500
DFS,true,500,24829,42,1,321,2064.03525,2934,65514,62580,500
DFS,true,500,24829,42,2,66,2041.505708,2934,47647,44713,500
BipartiteCheck,true,500,24829,42,1,179,0.212709,2934,3077,143,2
BipartiteCheck,true,500,24829,42,2,325,0.127042,2934,3077,143,2
Dijkstra,true,500,24756,42,1,269,2.172959,2934,5105,2171,500
Dijkstra,true,500,24756,42,2,322,1.782875,2942,5112,2170,500
BellmanFord,true,500,24756,42,1,27,4.772917,2942,3952,1010,2500
BellmanFord,true,500,24756,42,2,126,4.571125,2942,3645,703,2500
AStar,true,500,24756,42,1,44,0.827875,2942,3555,613,21
AStar,true,500,24756,42,2,351,1.217417,2942,3924,982,40
MaxFlow_EdmondsKarp,true,500,24756,42,1,260,10.299958,2942,5971,3029,417
MaxFlow_EdmondsKarp,true,500,24756,42,2,24,8.697959,2942,6014,3072,432
BFS,true,500,24849,1337,1,408,16.043416,2931,10148,7217,500
BFS,true,500,24849,1337,2,186,15.527,2931,4006,1075,500
DFS,true,500,24849,1337,1,48,2012.410375,2931,77964,75033,500
DFS,true,500,24849,1337,2,251,2045.262125,2931,41057,38126,500
BipartiteCheck,true,500,24849,1337,1,18,0.238208,2931,3074,143,2
BipartiteCheck,true,500,24849,1337,2,283,0.169541,2931,3074,143,2
Dijkstra,true,500,24704,1337,1,155,1.947625,2931,5101,2170,500
Dijkstra,true,500,24704,1337,2,388,1.386958,2939,5109,2170,500
BellmanFord,true,500,24704,1337,1,148,4.770375,2939,4133,1194,2500
BellmanFord,true,500,24704,1337,2,395,5.191,2939,4453,1514,3000
AStar,true,500,24704,1337,1,315,0.479125,2939,3307,368,5
AStar,true,500,24704,1337,2,107,0.989125,2939,3675,736,27
MaxFlow_EdmondsKarp,true,500,24704,1337,1,39,6.9,2939,5358,2419,303
MaxFlow_EdmondsKarp,true,500,24704,1337,2,269,3.897833,2939,5111,2172,243
BFS,true,500,25082,2024,1,232,16.242584,2941,10160,7219,500
BFS,true,500,25082,2024,2,308,15.783333,2941,4013,1072,500
DFS,true,500,25082,2024,1,137,2093.484,2941,29792,26851,500
DFS,true,500,25082,2024,2,137,2165.9065,2941,58510,55569,500
BipartiteCheck,true,500,25082,2024,1,471,0.229708,2941,3084,143,2
BipartiteCheck,true,500,25082,2024,2,230,0.141,2941,3084,143,2
Dijkstra,true,500,24773,2024,1,448,1.77975,2941,5111,2170,500
Dijkstra,true,500,24773,2024,2,9,1.550417,2949,5119,2170,500
BellmanFord,true,500,24773,2024,1,18,4.975417,2949,3957,1008,2500
BellmanFord,true,500,24773,2024,2,352,4.945875,2949,4561,1612,3000
AStar,true,500,24773,2024,1,379,0.426167,2949,3195,246,3
AStar,true,500,24773,2024,2,50,0.764625,2949,3562,613,20
MaxFlow_EdmondsKarp,true,500,24773,2024,1,277,7.112,2949,5735,2786,362
MaxFlow_EdmondsKarp,true,500,24773,2024,2,443,17.010583,2949,6266,3317,486
BFS,false,100,222,42,1,26,0.430125,1195,2314,1119,84
BFS,false,100,222,42,2,95,0.369,1195,2314,1119,84
DFS,false,100,222,42,1,53,0.396375,1195,2409,1214,84
DFS,false,100,222,42,2,37,0.37925,1195,2409,1214,84
BipartiteCheck,false,100,222,42,1,54,0.115625,1195,1290,95,19
BipartiteCheck,false,100,222,42,2,77,0.1115,1195,1290,95,19
Dijkstra,false,100,220,42,1,33,0.0915,1195,1290,95,4
Dijkstra,false,100,220,42,2,17,0.261541,1195,1385,190,84
BellmanFord,false,100,220,42,1,72,0.176166,1197,1386,189,700
BellmanFord,false,100,220,42,2,3,0.167291,1197,1388,191,600
AStar,false,100,220,42,1,92,0.22,1197,1386,189,40
AStar,false,100,220,42,2,43,0.157792,1197,1292,95,26
MaxFlow_EdmondsKarp,false,100,220,42,1,10,0.08,1197,1292,95,0
MaxFlow_EdmondsKarp,false,100,220,42,2,85,0.090791,1197,1292,95,7
BFS,false,100,206,1337,1,66,0.327833,1195,2219,1024,86
BFS,false,100,206,1337,2,43,0.334333,1195,2219,1024,86
DFS,false,100,206,1337,1,60,0.3415,1195,2314,1119,86
DFS,false,100,206,1337,2,93,0.340458,1195,2314,1119,86
BipartiteCheck,false,100,206,1337,1,98,0.080791,1195,1290,95,9
BipartiteCheck,false,100,206,1337,2,2,0.080709,1195,1290,95,9
Dijkstra,false,100,220,1337,1,88,0.247166,1195,1385,190,84
Dijkstra,false,100,220,1337,2,65,0.240541,1197,1386,189,84
BellmanFord,false,100,220,1337,1,21,0.153917,1197,1386,189,600
BellmanFord,false,100,220,1337,2,34,0.145958,1197,1386,189,800
AStar,false,100,220,1337,1,57,0.07725,1197,1291,94,1
AStar,false,100,220,1337,2,84,0.553167,1197,1386,189,84
MaxFlow_EdmondsKarp,false,100,220,1337,1,4,0.148917,1197,1291,94,38
MaxFlow_EdmondsKarp,false,100,220,1337,2,96,0.078667,1197,1291,94,9
BFS,false,100,186,2024,1,18,0.268583,1194,2047,853,73
BFS,false,100,186,2024,2,35,0.062916,1194,1289,95,1
DFS,false,100,186,2024,1,26,0.263542,1194,2047,853,73
DFS,false,100,186,2024,2,3,0.067417,1194,1289,95,5
BipartiteCheck,false,100,186,2024,1,71,0.07825,1194,1289,95,9
BipartiteCheck,false,100,186,2024,2,24,0.074458,1194,1289,95,9
Dijkstra,false,100,202,2024,1,93,0.249333,1194,1383,189,81
Dijkstra,false,100,202,2024,2,50,0.254584,1195,1385,190,81
BellmanFord,false,100,202,2024,1,63,0.096333,1195,1290,95,200
BellmanFord,false,100,202,2024,2,91,0.151416,1196,1388,192,900
AStar,false,100,202,2024,1,43,0.37625,1196,1385,189,75
AStar,false,100,202,2024,2,59,0.374708,1196,1385,189,81
MaxFlow_EdmondsKarp,false,100,202,2024,1,69,0.07525,1196,1290,94,0
MaxFlow_EdmondsKarp,false,100,202,2024,2,70,0.09725,1196,1290,94,20
BFS,false,100,968,42,1,84,0.609792,1220,3363,2143,100
BFS,false,100,968,42,2,80,0.573541,1220,3353,2133,100
DFS,false,100,968,42,1,12,3.754292,1220,5844,4624,100
DFS,false,100,968,42,2,27,2.929333,1220,4806,3586,100
BipartiteCheck,false,100,968,42,1,1,0.093541,1220,1313,93,4
BipartiteCheck,false,100,968,42,2,20,0.085,1220,1313,93,4
Dijkstra,false,100,910,42,1,5,0.363542,1220,1407,187,100
Dijkstra,false,100,910,42,2,80,0.305667,1221,1408,187,100
BellmanFord,false,100,910,42,1,57,0.421875,1221,1502,281,500
BellmanFord,false,100,910,42,2,84,0.361166,1221,1502,281,500
AStar,false,100,910,42,1,64,0.17325,1221,1315,94,11
AStar,false,100,910,42,2,42,0.127041,1221,1315,94,7
MaxFlow_EdmondsKarp,false,100,910,42,1,2,0.23425,1221,1408,187,60
MaxFlow_EdmondsKarp,false,100,910,42,2,30,0.2655,1221,1409,188,106
BFS,false,100,892,1337,1,3,0.811,1221,3363,2142,100
BFS,false,100,892,1337,2,55,0.577208,1221,3353,2132,100
DFS,false,100,892,1337,1,21,2.824875,1221,3285,2064,100
DFS,false,100,892,1337,2,63,2.644167,1221,2966,1745,100
BipartiteCheck,false,100,892,1337,1,8,0.08475,1221,1318,97,3
BipartiteCheck,false,100,892,1337,2,91,0.087083,1221,1318,97,3
Dijkstra,false,100,938,1337,1,6,0.302,1221,1416,195,100
Dijkstra,false,100,938,1337,2,81,0.30725,1222,1417,195,100
BellmanFord,false,100,938,1337,1,66,0.42275,1222,1515,293,700
BellmanFord,false,100,938,1337,2,94,0.390125,1222,1515,293,500
AStar,false,100,938,1337,1,33,0.183209,1222,1320,98,11
AStar,false,100,938,1337,2,17,0.394208,1222,1417,195,27
MaxFlow_EdmondsKarp,false,100,938,1337,1,54,0.199,1222,1320,98,58
MaxFlow_EdmondsKarp,false,100,938,1337,2,29,0.259833,1222,1417,195,95
BFS,false,100,968,2024,1,16,0.613416,1220,3365,2145,100
BFS,false,100,968,2024,2,99,0.59575,1220,3445,2225,100
DFS,false,100,968,2024,1,17,3.176208,1220,4820,3600,100
DFS,false,100,968,2024,2,98,2.960833,1220,4909,3689,100
BipartiteCheck,false,100,968,2024,1,22,0.09325,1220,1315,95,4
BipartiteCheck,false,100,968,2024,2,95,0.074333,1220,1315,95,4
Dijkstra,false,100,916,2024,1,38,0.297917,1220,1503,283,100
Dijkstra,false,100,916,2024,2,41,0.301584,1222,1411,189,100
BellmanFord,false,100,916,2024,1,30,0.381667,1222,1508,286,600
BellmanFord,false,100,916,2024,2,41,0.74925,1222,1505,283,600
AStar,false,100,916,2024,1,47,0.134042,1222,1316,94,2
AStar,false,100,916,2024,2,57,0.306917,1222,1411,189,14
MaxFlow_EdmondsKarp,false,100,916,2024,1,66,0.324792,1222,1411,189,97
MaxFlow_EdmondsKarp,false,100,916,2024,2,28,0.428333,1222,1411,189,80
BFS,false,100,1880,42,1,84,0.7705,1254,3585,2331,100
BFS,false,100,1880,42,2,81,0.915709,1254,3565,2311,100
DFS,false,100,1880,42,1,69,13.045708,1254,37108,35854,100
DFS,false,100,1880,42,2,48,11.207791,1254,26874,25620,100
BipartiteCheck,false,100,1880,42,1,14,0.14475,1254,1354,100,2
BipartiteCheck,false,100,1880,42,2,65,0.120583,1254,1354,100,2
Dijkstra,false,100,1702,42,1,88,0.4205,1254,1554,300,100
Dijkstra,false,100,1702,42,2,58,0.356,1255,1556,301,100
BellmanFord,false,100,1702,42,1,47,0.551875,1255,1556,301,600
BellmanFord,false,100,1702,42,2,61,0.527584,1255,1556,301,500
AStar,false,100,1702,42,1,20,0.180459,1255,1356,101,4
AStar,false,100,1702,42,2,93,0.143458,1255,1356,101,2
MaxFlow_EdmondsKarp,false,100,1702,42,1,44,0.570041,1255,1556,301,193
MaxFlow_EdmondsKarp,false,100,1702,42,2,0,0.273166,1255,1456,201,108
BFS,false,100,1936,1337,1,32,0.776,1259,3607,2348,100
BFS,false,100,1936,1337,2,80,0.733042,1259,3583,2324,100
DFS,false,100,1936,1337,1,25,12.309917,1259,29440,28181,100
DFS,false,100,1936,1337,2,1,10.360542,1259,29436,28177,100
BipartiteCheck,false,100,1936,1337,1,77,0.137333,1259,1358,99,2
BipartiteCheck,false,100,1936,1337,2,16,0.083625,1259,1358,99,2
Dijkstra,false,100,1828,1337,1,24,0.365833,1259,1559,300,100
Dijkstra,false,100,1828,1337,2,15,0.348791,1260,1560,300,100
BellmanFord,false,100,1828,1337,1,87,0.507958,1260,1560,300,500
BellmanFord,false,100,1828,1337,2,87,0.520125,1260,1560,300,500
AStar,false,100,1828,1337,1,76,0.418625,1260,1460,200,18
AStar,false,100,1828,1337,2,56,0.11625,1260,1360,100,3
MaxFlow_EdmondsKarp,false,100,1828,1337,1,24,0.47625,1260,1560,300,180
MaxFlow_EdmondsKarp,false,100,1828,1337,2,38,0.425083,1260,1460,200,134
BFS,false,100,1952,2024,1,61,0.617083,1257,3606,2349,100
BFS,false,100,1952,2024,2,21,0.596167,1257,3579,2322,100
DFS,false,100,1952,2024,1,25,12.100709,1257,30459,29202,100
DFS,false,100,1952,2024,2,83,10.931333,1257,30461,29204,100
BipartiteCheck,false,100,1952,2024,1,45,0.113959,1257,1357,100,2
BipartiteCheck,false,100,1952,2024,2,80,0.093625,1257,1357,100,2
Dijkstra,false,100,1776,2024,1,61,0.349208,1257,1557,300,100
Dijkstra,false,100,1776,2024,2,56,0.319667,1259,1459,200,100
BellmanFord,false,100,1776,2024,1,31,0.484167,1259,1559,300,400
BellmanFord,false,100,1776,2024,2,95,0.533041,1259,1559,300,600
AStar,false,100,1776,2024,1,9,0.162792,1259,1359,100,6
AStar,false,100,1776,2024,2,57,0.174916,1259,1459,200,9
MaxFlow_EdmondsKarp,false,100,1776,2024,1,32,0.318625,1259,1459,200,99
MaxFlow_EdmondsKarp,false,100,1776,2024,2,21,0.291208,1259,1459,200,125
BFS,false,500,4898,42,1,170,12.831458,1592,36968,35376,500
BFS,false,500,4898,42,2,260,12.659958,1592,36454,34862,500
DFS,false,500,4898,42,1,459,89.69325,1592,18070,16478,500
DFS,false,500,4898,42,2,259,87.856791,1592,27288,25696,500
BipartiteCheck,false,500,4898,42,1,403,0.215916,1592,1694,102,12
BipartiteCheck,false,500,4898,42,2,380,0.14625,1592,1694,102,12
Dijkstra,false,500,4790,42,1,2,0.716333,1592,2819,1227,500
Dijkstra,false,500,4790,42,2,25,0.626416,1599,2827,1228,500
BellmanFord,false,500,4790,42,1,178,1.5815,1599,4462,2863,3500
BellmanFord,false,500,4790,42,2,43,1.631541,1599,4632,3033,3500
AStar,false,500,4790,42,1,143,0.519541,1599,1992,393,33
AStar,false,500,4790,42,2,290,0.655542,1599,2188,589,77
MaxFlow_EdmondsKarp,false,500,4790,42,1,110,7.573334,1599,3115,1516,152
MaxFlow_EdmondsKarp,false,500,4790,42,2,342,9.779458,1599,3115,1516,142
BFS,false,500,5038,1337,1,149,17.703,1602,11375,9773,500
BFS,false,500,5038,1337,2,298,13.20175,1602,2675,1073,500
DFS,false,500,5038,1337,1,383,95.548333,1602,42142,40540,500
DFS,false,500,5038,1337,2,83,91.599875,1602,38568,36966,500
BipartiteCheck,false,500,5038,1337,1,447,0.167416,1602,1703,101,11
BipartiteCheck,false,500,5038,1337,2,216,0.12725,1602,1703,101,11
Dijkstra,false,500,4950,1337,1,301,0.67825,1602,2829,1227,500
Dijkstra,false,500,4950,1337,2,453,0.5715,1610,2837,1227,500
BellmanFord,false,500,4950,1337,1,459,1.595708,1610,4469,2859,3500
BellmanFord,false,500,4950,1337,2,481,1.492542,1610,4542,2932,3500
AStar,false,500,4950,1337,1,152,0.780791,1610,2387,777,89
AStar,false,500,4950,1337,2,277,0.429833,1610,1901,291,20
MaxFlow_EdmondsKarp,false,500,4950,1337,1,317,3.819791,1610,3031,1421,117
MaxFlow_EdmondsKarp,false,500,4950,1337,2,484,3.6465,1610,2934,1324,75
BFS,false,500,4996,2024,1,301,15.937958,1602,11379,9777,500
BFS,false,500,4996,2024,2,312,13.96875,1602,42089,40487,500
DFS,false,500,4996,2024,1,299,92.125125,1602,27801,26199,500
DFS,false,500,4996,2024,2,439,88.645083,1602,49308,47706,500
BipartiteCheck,false,500,4996,2024,1,211,0.169667,1602,1703,101,13
BipartiteCheck,false,500,4996,2024,2,310,0.125333,1602,1703,101,13
Dijkstra,false,500,4940,2024,1,85,0.678167,1602,2828,1226,500
Dijkstra,false,500,4940,2024,2,455,0.579958,1610,2836,1226,500
BellmanFord,false,500,4940,2024,1,209,1.526667,1610,4366,2756,3500
BellmanFord,false,500,4940,2024,2,353,1.728834,1610,4626,3016,4000
AStar,false,500,4940,2024,1,114,0.164458,1610,1804,194,5
AStar,false,500,4940,2024,2,480,0.484166,1610,2096,486,38
MaxFlow_EdmondsKarp,false,500,4940,2024,1,152,5.520666,1610,3225,1615,170
MaxFlow_EdmondsKarp,false,500,4940,2024,2,151,5.458,1610,3128,1518,137
BFS,false,500,24832,42,1,197,17.940041,2899,20354,17455,500
BFS,false,500,24832,42,2,307,14.946875,2899,3969,1070,500
DFS,false,500,24832,42,1,97,1984.479708,2899,34194,31295,500
DFS,false,500,24832,42,2,142,1983.010459,2899,17849,14950,500
BipartiteCheck,false,500,24832,42,1,127,0.148458,2899,3041,142,2
BipartiteCheck,false,500,24832,42,2,425,0.134,2899,3041,142,2
Dijkstra,false,500,24094,42,1,143,4.543167,2899,5089,2190,500
Dijkstra,false,500,24094,42,2,174,1.615083,2906,5097,2191,500
BellmanFord,false,500,24094,42,1,246,4.832292,2906,9765,6859,2500
BellmanFord,false,500,24094,42,2,41,4.83975,2906,9891,6985,2500
AStar,false,500,24094,42,1,135,0.50225,2906,3186,280,6
AStar,false,500,24094,42,2,498,0.381709,2906,3186,280,4
MaxFlow_EdmondsKarp,false,500,24094,42,1,202,20.186542,2906,6541,3635,534
MaxFlow_EdmondsKarp,false,500,24094,42,2,55,8.528459,2906,5895,2989,410
BFS,false,500,24638,1337,1,389,17.707459,2888,39798,36910,500
BFS,false,500,24638,1337,2,263,14.052834,2888,39800,36912,500
DFS,false,500,24638,1337,1,240,2049.568959,2888,53734,50846,500
DFS,false,500,24638,1337,2,30,1952.630791,2888,6560,3672,500
BipartiteCheck,false,500,24638,1337,1,64,0.17275,2888,3031,143,2
BipartiteCheck,false,500,24638,1337,2,223,0.116625,2888,3031,143,2
Dijkstra,false,500,23936,1337,1,60,1.651417,2888,5079,2191,500
Dijkstra,false,500,23936,1337,2,199,1.308,2895,5086,2191,500
BellmanFord,false,500,23936,1337,1,71,4.569209,2895,9897,7002,2500
BellmanFord,false,500,23936,1337,2,205,4.506167,2895,9745,6850,2500
AStar,false,500,23936,1337,1,489,1.17075,2895,3867,972,37
AStar,false,500,23936,1337,2,239,0.464,2895,3312,417,6
MaxFlow_EdmondsKarp,false,500,23936,1337,1,371,12.185083,2895,6106,3211,450
MaxFlow_EdmondsKarp,false,500,23936,1337,2,271,17.828708,2895,5967,3072,454
BFS,false,500,25260,2024,1,337,14.051,2915,39828,36913,500
BFS,false,500,25260,2024,2,354,13.699167,2915,39824,36909,500
DFS,false,500,25260,2024,1,13,2052.820458,2915,46532,43617,500
DFS,false,500,25260,2024,2,237,2064.096709,2915,60970,58055,500
BipartiteCheck,false,500,25260,2024,1,83,0.188375,2915,3057,142,2
BipartiteCheck,false,500,25260,2024,2,466,0.12825,2915,3057,142,2
Dijkstra,false,500,24280,2024,1,248,1.570208,2915,5105,2190,500
Dijkstra,false,500,24280,2024,2,421,1.32275,2923,5113,2190,500
BellmanFord,false,500,24280,2024,1,328,4.384708,2923,9352,6429,2500
BellmanFord,false,500,24280,2024,2,20,4.606583,2923,10025,7102,2500
AStar,false,500,24280,2024,1,0,0.672875,2923,3475,552,19
AStar,false,500,24280,2024,2,124,0.416833,2923,3199,276,4
MaxFlow_EdmondsKarp,false,500,24280,2024,1,492,13.673791,2923,5801,2878,384
MaxFlow_EdmondsKarp,false,500,24280,2024,2,414,15.10975,2923,5995,3072,420
BFS,false,500,49658,42,1,170,14.01675,4506,19411,14905,500
BFS,false,500,49658,42,2,398,15.213167,4506,38855,34349,500
DFS,false,500,49658,42,1,34,7627.7935,4506,25769,21263,500
DFS,false,500,49658,42,2,442,7885.8995,4506,78075,73569,500
BipartiteCheck,false,500,49658,42,1,324,3.94025,4506,4731,225,2
BipartiteCheck,false,500,49658,42,2,335,0.126209,4506,4731,225,2
Dijkstra,false,500,47050,42,1,185,5.2735,4506,7575,3069,500
Dijkstra,false,500,47050,42,2,287,1.937334,4514,7582,3068,500
BellmanFord,false,500,47050,42,1,409,9.6315,4514,4973,459,2500
BellmanFord,false,500,47050,42,2,326,8.559458,4514,5527,1013,2500
AStar,false,500,47050,42,1,182,0.692291,4514,5130,616,9
AStar,false,500,47050,42,2,418,0.486375,4514,4923,409,4
MaxFlow_EdmondsKarp,false,500,47050,42,1,242,12.727416,4514,9634,5120,814
MaxFlow_EdmondsKarp,false,500,47050,42,2,232,8.650709,4514,8815,4301,633
BFS,false,500,49698,1337,1,336,22.651583,4444,45960,41516,500
BFS,false,500,49698,1337,2,300,15.644833,4444,25486,21042,500
DFS,false,500,49698,1337,1,156,7669.681833,4444,17797,13353,500
DFS,false,500,49698,1337,2,50,7468.125333,4444,15485,11041,500
BipartiteCheck,false,500,49698,1337,1,286,0.191,4444,4668,224,2
BipartiteCheck,false,500,49698,1337,2,11,0.124,4444,4668,224,2
Dijkstra,false,500,47058,1337,1,10,2.37725,4444,7516,3072,500
Dijkstra,false,500,47058,1337,2,239,1.985375,4451,7523,3072,500
BellmanFord,false,500,47058,1337,1,223,6.944084,4451,14341,9890,2000
BellmanFord,false,500,47058,1337,2,94,7.498417,4451,14912,10461,2000
AStar,false,500,47058,1337,1,496,0.636375,4451,4882,431,3
AStar,false,500,47058,1337,2,81,0.441291,4451,4882,431,3
MaxFlow_EdmondsKarp,false,500,47058,1337,1,1,19.191917,4451,9412,4961,779
MaxFlow_EdmondsKarp,false,500,47058,1337,2,251,17.154917,4451,9193,4742,734
BFS,false,500,50164,2024,1,42,14.110125,4448,25488,21040,500
BFS,false,500,50164,2024,2,471,15.257208,4448,25490,21042,500
DFS,false,500,50164,2024,1,271,7705.864833,4448,91442,86994,500
DFS,false,500,50164,2024,2,336,7738.208667,4448,28550,24102,500
BipartiteCheck,false,500,50164,2024,1,191,0.24275,4448,4672,224,2
BipartiteCheck,false,500,50164,2024,2,89,0.15525,4448,4672,224,2
Dijkstra,false,500,47090,2024,1,250,8.402167,4448,7520,3072,500
Dijkstra,false,500,47090,2024,2,170,2.496583,4456,7528,3072,500
BellmanFord,false,500,47090,2024,1,41,11.581292,4456,14570,10114,2000
BellmanFord,false,500,47090,2024,2,304,7.054,4456,13672,9216,2000
AStar,false,500,47090,2024,1,470,0.868542,4456,5344,888,12
AStar,false,500,47090,2024,2,167,1.375083,4456,5701,1245,31
MaxFlow_EdmondsKarp,false,500,47090,2024,1,257,8.660542,4456,8773,4317,664
MaxFlow_EdmondsKarp,false,500,47090,2024,2,257,8.623791,4456,8773,4317,664
