Step,Action,Node,QueueState,VisitedSet
0,EnqueueStart,26,[26],[26]
1,Dequeue,26,[],[26]
2,Enqueue,7,[7],"[7, 26]"
3,Enqueue,61,"[7, 61]","[7, 26, 61]"
4,Enqueue,76,"[7, 61, 76]","[7, 26, 76, 61]"
5,Enqueue,91,"[7, 61, 76, 91]","[7, 26, 91, 76, 61]"
6,Dequeue,7,"[61, 76, 91]","[7, 26, 91, 76, 61]"
7,Enqueue,79,"[61, 76, 91, 79]","[7, 26, 91, 76, 61, 79]"
8,Enqueue,75,"[61, 76, 91, 79, 75]","[7, 26, 91, 75, 76, 61, 79]"
9,Enqueue,97,"[61, 76, 91, 79, 75, 97]","[97, 7, 26, 91, 75, 76, 61, 79]"
10,Dequeue,61,"[76, 91, 79, 75, 97]","[97, 7, 26, 91, 75, 76, 61, 79]"
11,Dequeue,76,"[91, 79, 75, 97]","[97, 7, 26, 91, 75, 76, 61, 79]"
12,Enqueue,42,"[91, 79, 75, 97, 42]","[97, 7, 26, 42, 91, 75, 76, 61, 79]"
13,Enqueue,54,"[91, 79, 75, 97, 42, 54]","[97, 54, 7, 26, 42, 91, 75, 76, 61, 79]"
14,Dequeue,91,"[79, 75, 97, 42, 54]","[97, 54, 7, 26, 42, 91, 75, 76, 61, 79]"
15,Dequeue,79,"[75, 97, 42, 54]","[97, 54, 7, 26, 42, 91, 75, 76, 61, 79]"
16,Enqueue,17,"[75, 97, 42, 54, 17]","[97, 17, 54, 7, 26, 42, 91, 75, 76, 61, 79]"
17,Enqueue,40,"[75, 97, 42, 54, 17, 40]","[97, 17, 54, 7, 40, 26, 42, 91, 75, 76, 61, 79]"
18,Enqueue,98,"[75, 97, 42, 54, 17, 40, 98]","[97, 98, 7, 40, 42, 75, 76, 79, 17, 54, 26, 91, 61]"
19,Enqueue,82,"[75, 97, 42, 54, 17, 40, 98, 82]","[97, 98, 7, 40, 42, 75, 76, 79, 17, 82, 54, 26, 91, 61]"
20,Dequeue,75,"[97, 42, 54, 17, 40, 98, 82]","[97, 98, 7, 40, 42, 75, 76, 79, 17, 82, 54, 26, 91, 61]"
21,Enqueue,29,"[97, 42, 54, 17, 40, 98, 82, 29]","[97, 98, 7, 40, 42, 75, 76, 79, 17, 82, 54, 26, 91, 61, 29]"
22,Dequeue,97,"[42, 54, 17, 40, 98, 82, 29]","[97, 98, 7, 40, 42, 75, 76, 79, 17, 82, 54, 26, 91, 61, 29]"
23,Enqueue,72,"[42, 54, 17, 40, 98, 82, 29, 72]","[97, 98, 7, 40, 72, 42, 75, 76, 79, 17, 82, 54, 26, 91, 61, 29]"
24,Dequeue,42,"[54, 17, 40, 98, 82, 29, 72]","[97, 98, 7, 40, 72, 42, 75, 76, 79, 17, 82, 54, 26, 91, 61, 29]"
25,Enqueue,8,"[54, 17, 40, 98, 82, 29, 72, 8]","[97, 98, 7, 40, 72, 8, 42, 75, 76, 79, 17, 82, 54, 26, 91, 61, 29]"
26,Enqueue,36,"[54, 17, 40, 98, 82, 29, 72, 8, 36]","[97, 98, 36, 7, 40, 72, 8, 42, 75, 76, 79, 17, 82, 54, 26, 91, 61, 29]"
27,Enqueue,81,"[54, 17, 40, 98, 82, 29, 72, 8, 36, 81]","[97, 98, 36, 7, 40, 72, 8, 42, 75, 76, 79, 17, 81, 82, 54, 26, 91, 61, 29]"
28,Dequeue,54,"[17, 40, 98, 82, 29, 72, 8, 36, 81]","[97, 98, 36, 7, 40, 72, 8, 42, 75, 76, 79, 17, 81, 82, 54, 26, 91, 61, 29]"
29,Enqueue,38,"[17, 40, 98, 82, 29, 72, 8, 36, 81, 38]","[97, 98, 36, 38, 7, 40, 72, 8, 42, 75, 76, 79, 17, 81, 82, 54, 26, 91, 61, 29]"
30,Enqueue,92,"[17, 40, 98, 82, 29, 72, 8, 36, 81, 38, 92]","[97, 98, 36, 38, 7, 40, 72, 8, 42, 75, 76, 79, 17, 81, 82, 54, 26, 91, 92, 61, 29]"
31,Dequeue,17,"[40, 98, 82, 29, 72, 8, 36, 81, 38, 92]","[97, 98, 36, 38, 7, 40, 72, 8, 42, 75, 76, 79, 17, 81, 82, 54, 26, 91, 92, 61, 29]"
32,Dequeue,40,"[98, 82, 29, 72, 8, 36, 81, 38, 92]","[97, 98, 36, 38, 7, 40, 72, 8, 42, 75, 76, 79, 17, 81, 82, 54, 26, 91, 92, 61, 29]"
33,Enqueue,14,"[98, 82, 29, 72, 8, 36, 81, 38, 92, 14]","[97, 98, 36, 38, 7, 40, 72, 8, 42, 75, 76, 14, 79, 17, 81, 82, 54, 26, 91, 92, 61, 29]"
34,Enqueue,59,"[98, 82, 29, 72, 8, 36, 81, 38, 92, 14, 59]","[97, 98, 36, 38, 7, 40, 72, 8, 42, 75, 76, 14, 79, 17, 81, 82, 54, 26, 91, 59, 92, 61, 29]"
35,Dequeue,98,"[82, 29, 72, 8, 36, 81, 38, 92, 14, 59]","[97, 98, 36, 38, 7, 40, 72, 8, 42, 75, 76, 14, 79, 17, 81, 82, 54, 26, 91, 59, 92, 61, 29]"
36,Enqueue,32,"[82, 29, 72, 8, 36, 81, 38, 92, 14, 59, 32]","[32, 97, 98, 36, 38, 7, 40, 72, 8, 42, 75, 76, 14, 79, 17, 81, 82, 54, 26, 91, 59, 92, 61, 29]"
37,Dequeue,82,"[29, 72, 8, 36, 81, 38, 92, 14, 59, 32]","[32, 97, 98, 36, 38, 7, 40, 72, 8, 42, 75, 76, 14, 79, 17, 81, 82, 54, 26, 91, 59, 92, 61, 29]"
38,Dequeue,29,"[72, 8, 36, 81, 38, 92, 14, 59, 32]","[32, 97, 98, 36, 38, 7, 40, 72, 8, 42, 75, 76, 14, 79, 17, 81, 82, 54, 26, 91, 59, 92, 61, 29]"
39,Enqueue,70,"[72, 8, 36, 81, 38, 92, 14, 59, 32, 70]","[70, 7, 72, 8, 75, 76, 14, 79, 17, 81, 82, 26, 91, 92, 29, 32, 97, 98, 36, 38, 40, 42, 54, 59, 61]"
40,Enqueue,34,"[72, 8, 36, 81, 38, 92, 14, 59, 32, 70, 34]","[70, 7, 72, 8, 75, 76, 14, 79, 17, 81, 82, 26, 91, 92, 29, 32, 97, 98, 34, 36, 38, 40, 42, 54, 59, 61]"
41,Enqueue,96,"[72, 8, 36, 81, 38, 92, 14, 59, 32, 70, 34, 96]","[70, 7, 72, 8, 75, 76, 14, 79, 17, 81, 82, 26, 91, 92, 29, 32, 96, 97, 98, 34, 36, 38, 40, 42, 54, 59, 61]"
42,Dequeue,72,"[8, 36, 81, 38, 92, 14, 59, 32, 70, 34, 96]","[70, 7, 72, 8, 75, 76, 14, 79, 17, 81, 82, 26, 91, 92, 29, 32, 96, 97, 98, 34, 36, 38, 40, 42, 54, 59, 61]"
43,Enqueue,6,"[8, 36, 81, 38, 92, 14, 59, 32, 70, 34, 96, 6]","[70, 6, 7, 72, 8, 75, 76, 14, 79, 17, 81, 82, 26, 91, 92, 29, 32, 96, 97, 98, 34, 36, 38, 40, 42, 54, 59, 61]"
44,Enqueue,43,"[8, 36, 81, 38, 92, 14, 59, 32, 70, 34, 96, 6, 43]","[70, 6, 7, 72, 8, 75, 76, 14, 79, 17, 81, 82, 26, 91, 92, 29, 32, 96, 97, 98, 34, 36, 38, 40, 42, 43, 54, 59, 61]"
45,Dequeue,8,"[36, 81, 38, 92, 14, 59, 32, 70, 34, 96, 6, 43]","[70, 6, 7, 72, 8, 75, 76, 14, 79, 17, 81, 82, 26, 91, 92, 29, 32, 96, 97, 98, 34, 36, 38, 40, 42, 43, 54, 59, 61]"
46,Enqueue,5,"[36, 81, 38, 92, 14, 59, 32, 70, 34, 96, 6, 43, 5]","[5, 70, 6, 7, 72, 8, 75, 76, 14, 79, 17, 81, 82, 26, 91, 92, 29, 32, 96, 97, 98, 34, 36, 38, 40, 42, 43, 54, 59, 61]"
47,Enqueue,13,"[36, 81, 38, 92, 14, 59, 32, 70, 34, 96, 6, 43, 5, 13]","[5, 70, 6, 7, 72, 8, 75, 76, 13, 14, 79, 17, 81, 82, 26, 91, 92, 29, 32, 96, 97, 98, 34, 36, 38, 40, 42, 43, 54, 59, 61]"
48,Dequeue,36,"[81, 38, 92, 14, 59, 32, 70, 34, 96, 6, 43, 5, 13]","[5, 70, 6, 7, 72, 8, 75, 76, 13, 14, 79, 17, 81, 82, 26, 91, 92, 29, 32, 96, 97, 98, 34, 36, 38, 40, 42, 43, 54, 59, 61]"
49,Dequeue,81,"[38, 92, 14, 59, 32, 70, 34, 96, 6, 43, 5, 13]","[5, 70, 6, 7, 72, 8, 75, 76, 13, 14, 79, 17, 81, 82, 26, 91, 92, 29, 32, 96, 97, 98, 34, 36, 38, 40, 42, 43, 54, 59, 61]"
50,Enqueue,12,"[38, 92, 14, 59, 32, 70, 34, 96, 6, 43, 5, 13, 12]","[5, 70, 6, 7, 72, 8, 75, 76, 12, 13, 14, 79, 17, 81, 82, 26, 91, 92, 29, 32, 96, 97, 98, 34, 36, 38, 40, 42, 43, 54, 59, 61]"
51,Enqueue,57,"[38, 92, 14, 59, 32, 70, 34, 96, 6, 43, 5, 13, 12, 57]","[5, 70, 6, 7, 72, 8, 75, 76, 12, 13, 14, 79, 17, 81, 82, 26, 91, 92, 29, 32, 96, 97, 98, 34, 36, 38, 40, 42, 43, 54, 57, 59, 61]"
52,Enqueue,58,"[38, 92, 14, 59, 32, 70, 34, 96, 6, 43, 5, 13, 12, 57, 58]","[5, 70, 6, 7, 72, 8, 75, 76, 12, 13, 14, 79, 17, 81, 82, 26, 91, 92, 29, 32, 96, 97, 98, 34, 36, 38, 40, 42, 43, 54, 57, 58, 59, 61]"
53,Enqueue,23,"[38, 92, 14, 59, 32, 70, 34, 96, 6, 43, 5, 13, 12, 57, 58, 23]","[5, 70, 6, 7, 72, 8, 75, 76, 12, 13, 14, 79, 17, 81, 82, 23, 26, 91, 92, 29, 32, 96, 97, 98, 34, 36, 38, 40, 42, 43, 54, 57, 58, 59, 61]"
54,Dequeue,38,"[92, 14, 59, 32, 70, 34, 96, 6, 43, 5, 13, 12, 57, 58, 23]","[5, 70, 6, 7, 72, 8, 75, 76, 12, 13, 14, 79, 17, 81, 82, 23, 26, 91, 92, 29, 32, 96, 97, 98, 34, 36, 38, 40, 42, 43, 54, 57, 58, 59, 61]"
55,Enqueue,0,"[92, 14, 59, 32, 70, 34, 96, 6, 43, 5, 13, 12, 57, 58, 23, 0]","[0, 5, 70, 6, 7, 72, 8, 75, 76, 12, 13, 14, 79, 17, 81, 82, 23, 26, 91, 92, 29, 32, 96, 97, 98, 34, 36, 38, 40, 42, 43, 54, 57, 58, 59, 61]"
56,Dequeue,92,"[14, 59, 32, 70, 34, 96, 6, 43, 5, 13, 12, 57, 58, 23, 0]","[0, 5, 70, 6, 7, 72, 8, 75, 76, 12, 13, 14, 79, 17, 81, 82, 23, 26, 91, 92, 29, 32, 96, 97, 98, 34, 36, 38, 40, 42, 43, 54, 57, 58, 59, 61]"
57,Enqueue,80,"[14, 59, 32, 70, 34, 96, 6, 43, 5, 13, 12, 57, 58, 23, 0, 80]","[0, 5, 70, 6, 7, 72, 8, 75, 76, 12, 13, 14, 79, 80, 17, 81, 82, 23, 26, 91, 92, 29, 32, 96, 97, 98, 34, 36, 38, 40, 42, 43, 54, 57, 58, 59, 61]"
58,Dequeue,14,"[59, 32, 70, 34, 96, 6, 43, 5, 13, 12, 57, 58, 23, 0, 80]","[0, 5, 70, 6, 7, 72, 8, 75, 76, 12, 13, 14, 79, 80, 17, 81, 82, 23, 26, 91, 92, 29, 32, 96, 97, 98, 34, 36, 38, 40, 42, 43, 54, 57, 58, 59, 61]"
59,Enqueue,19,"[59, 32, 70, 34, 96, 6, 43, 5, 13, 12, 57, 58, 23, 0, 80, 19]","[0, 5, 70, 6, 7, 72, 8, 75, 76, 12, 13, 14, 79, 80, 17, 81, 82, 19, 23, 26, 91, 92, 29, 32, 96, 97, 98, 34, 36, 38, 40, 42, 43, 54, 57, 58, 59, 61]"
60,Enqueue,46,"[59, 32, 70, 34, 96, 6, 43, 5, 13, 12, 57, 58, 23, 0, 80, 19, 46]","[0, 5, 70, 6, 7, 72, 8, 75, 76, 12, 13, 14, 79, 80, 17, 81, 82, 19, 23, 26, 91, 92, 29, 32, 96, 97, 98, 34, 36, 38, 40, 42, 43, 46, 54, 57, 58, 59, 61]"
61,Enqueue,87,"[59, 32, 70, 34, 96, 6, 43, 5, 13, 12, 57, 58, 23, 0, 80, 19, 46, 87]","[0, 5, 70, 6, 7, 72, 8, 75, 76, 12, 13, 14, 79, 80, 17, 81, 82, 19, 23, 87, 26, 91, 92, 29, 32, 96, 97, 98, 34, 36, 38, 40, 42, 43, 46, 54, 57, 58, 59, 61]"
62,Dequeue,59,"[32, 70, 34, 96, 6, 43, 5, 13, 12, 57, 58, 23, 0, 80, 19, 46, 87]","[0, 5, 70, 6, 7, 72, 8, 75, 76, 12, 13, 14, 79, 80, 17, 81, 82, 19, 23, 87, 26, 91, 92, 29, 32, 96, 97, 98, 34, 36, 38, 40, 42, 43, 46, 54, 57, 58, 59, 61]"
63,Enqueue,51,"[32, 70, 34, 96, 6, 43, 5, 13, 12, 57, 58, 23, 0, 80, 19, 46, 87, 51]","[0, 5, 70, 6, 7, 72, 8, 75, 76, 12, 13, 14, 79, 80, 17, 81, 82, 19, 23, 87, 26, 91, 92, 29, 32, 96, 97, 98, 34, 36, 38, 40, 42, 43, 46, 51, 54, 57, 58, 59, 61]"
64,Dequeue,32,"[70, 34, 96, 6, 43, 5, 13, 12, 57, 58, 23, 0, 80, 19, 46, 87, 51]","[0, 5, 70, 6, 7, 72, 8, 75, 76, 12, 13, 14, 79, 80, 17, 81, 82, 19, 23, 87, 26, 91, 92, 29, 32, 96, 97, 98, 34, 36, 38, 40, 42, 43, 46, 51, 54, 57, 58, 59, 61]"
65,Enqueue,4,"[70, 34, 96, 6, 43, 5, 13, 12, 57, 58, 23, 0, 80, 19, 46, 87, 51, 4]","[0, 4, 5, 70, 6, 7, 72, 8, 75, 76, 12, 13, 14, 79, 80, 17, 81, 82, 19, 23, 87, 26, 91, 92, 29, 32, 96, 97, 98, 34, 36, 38, 40, 42, 43, 46, 51, 54, 57, 58, 59, 61]"
66,Enqueue,28,"[70, 34, 96, 6, 43, 5, 13, 12, 57, 58, 23, 0, 80, 19, 46, 87, 51, 4, 28]","[0, 4, 5, 70, 6, 7, 72, 8, 75, 76, 12, 13, 14, 79, 80, 17, 81, 82, 19, 23, 87, 26, 91, 92, 28, 29, 32, 96, 97, 98, 34, 36, 38, 40, 42, 43, 46, 51, 54, 57, 58, 59, 61]"
67,Enqueue,33,"[70, 34, 96, 6, 43, 5, 13, 12, 57, 58, 23, 0, 80, 19, 46, 87, 51, 4, 28, 33]","[0, 4, 5, 70, 6, 7, 72, 8, 75, 76, 12, 13, 14, 79, 80, 17, 81, 82, 19, 23, 87, 26, 91, 92, 28, 29, 32, 96, 97, 33, 98, 34, 36, 38, 40, 42, 43, 46, 51, 54, 57, 58, 59, 61]"
68,Enqueue,56,"[70, 34, 96, 6, 43, 5, 13, 12, 57, 58, 23, 0, 80, 19, 46, 87, 51, 4, 28, 33, 56]","[0, 4, 5, 70, 6, 7, 72, 8, 75, 76, 12, 13, 14, 79, 80, 17, 81, 82, 19, 23, 87, 26, 91, 92, 28, 29, 32, 96, 97, 33, 98, 34, 36, 38, 40, 42, 43, 46, 51, 54, 56, 57, 58, 59, 61]"
69,Enqueue,60,"[70, 34, 96, 6, 43, 5, 13, 12, 57, 58, 23, 0, 80, 19, 46, 87, 51, 4, 28, 33, 56, 60]","[0, 4, 5, 70, 6, 7, 72, 8, 75, 76, 12, 13, 14, 79, 80, 17, 81, 82, 19, 23, 87, 26, 91, 92, 28, 29, 32, 96, 97, 33, 98, 34, 36, 38, 40, 42, 43, 46, 51, 54, 56, 57, 58, 59, 60, 61]"
70,Enqueue,64,"[70, 34, 96, 6, 43, 5, 13, 12, 57, 58, 23, 0, 80, 19, 46, 87, 51, 4, 28, 33, 56, 60, 64]","[0, 64, 4, 5, 70, 6, 7, 72, 8, 75, 76, 12, 13, 14, 79, 80, 17, 81, 82, 19, 23, 87, 26, 91, 92, 28, 29, 32, 96, 97, 33, 98, 34, 36, 38, 40, 42, 43, 46, 51, 54, 56, 57, 58, 59, 60, 61]"
71,Dequeue,70,"[34, 96, 6, 43, 5, 13, 12, 57, 58, 23, 0, 80, 19, 46, 87, 51, 4, 28, 33, 56, 60, 64]","[0, 64, 4, 5, 70, 6, 7, 72, 8, 75, 76, 12, 13, 14, 79, 80, 17, 81, 82, 19, 23, 87, 26, 91, 92, 28, 29, 32, 96, 97, 33, 98, 34, 36, 38, 40, 42, 43, 46, 51, 54, 56, 57, 58, 59, 60, 61]"
72,Enqueue,47,"[34, 96, 6, 43, 5, 13, 12, 57, 58, 23, 0, 80, 19, 46, 87, 51, 4, 28, 33, 56, 60, 64, 47]","[0, 64, 4, 5, 70, 6, 7, 72, 8, 75, 76, 12, 13, 14, 79, 80, 17, 81, 82, 19, 23, 87, 26, 91, 92, 28, 29, 32, 96, 97, 33, 98, 34, 36, 38, 40, 42, 43, 46, 47, 51, 54, 56, 57, 58, 59, 60, 61]"
73,Dequeue,34,"[96, 6, 43, 5, 13, 12, 57, 58, 23, 0, 80, 19, 46, 87, 51, 4, 28, 33, 56, 60, 64, 47]","[0, 64, 4, 5, 70, 6, 7, 72, 8, 75, 76, 12, 13, 14, 79, 80, 17, 81, 82, 19, 23, 87, 26, 91, 92, 28, 29, 32, 96, 97, 33, 98, 34, 36, 38, 40, 42, 43, 46, 47, 51, 54, 56, 57, 58, 59, 60, 61]"
74,Enqueue,35,"[96, 6, 43, 5, 13, 12, 57, 58, 23, 0, 80, 19, 46, 87, 51, 4, 28, 33, 56, 60, 64, 47, 35]","[0, 4, 5, 6, 7, 8, 12, 13, 14, 17, 19, 23, 26, 28, 29, 32, 33, 34, 35, 36, 38, 40, 42, 43, 46, 47, 51, 54, 56, 57, 58, 59, 60, 61, 64, 70, 72, 75, 76, 79, 80, 81, 82, 87, 91, 92, 96, 97, 98]"
75,Enqueue,48,"[96, 6, 43, 5, 13, 12, 57, 58, 23, 0, 80, 19, 46, 87, 51, 4, 28, 33, 56, 60, 64, 47, 35, 48]","[0, 4, 5, 6, 7, 8, 12, 13, 14, 17, 19, 23, 26, 28, 29, 32, 33, 34, 35, 36, 38, 40, 42, 43, 46, 47, 48, 51, 54, 56, 57, 58, 59, 60, 61, 64, 70, 72, 75, 76, 79, 80, 81, 82, 87, 91, 92, 96, 97, 98]"
76,Enqueue,53,"[96, 6, 43, 5, 13, 12, 57, 58, 23, 0, 80, 19, 46, 87, 51, 4, 28, 33, 56, 60, 64, 47, 35, 48, 53]","[0, 4, 5, 6, 7, 8, 12, 13, 14, 17, 19, 23, 26, 28, 29, 32, 33, 34, 35, 36, 38, 40, 42, 43, 46, 47, 48, 51, 53, 54, 56, 57, 58, 59, 60, 61, 64, 70, 72, 75, 76, 79, 80, 81, 82, 87, 91, 92, 96, 97, 98]"
77,Enqueue,62,"[96, 6, 43, 5, 13, 12, 57, 58, 23, 0, 80, 19, 46, 87, 51, 4, 28, 33, 56, 60, 64, 47, 35, 48, 53, 62]","[0, 4, 5, 6, 7, 8, 12, 13, 14, 17, 19, 23, 26, 28, 29, 32, 33, 34, 35, 36, 38, 40, 42, 43, 46, 47, 48, 51, 53, 54, 56, 57, 58, 59, 60, 61, 62, 64, 70, 72, 75, 76, 79, 80, 81, 82, 87, 91, 92, 96, 97, 98]"
78,Enqueue,68,"[96, 6, 43, 5, 13, 12, 57, 58, 23, 0, 80, 19, 46, 87, 51, 4, 28, 33, 56, 60, 64, 47, 35, 48, 53, 62, 68]","[0, 4, 5, 6, 7, 8, 12, 13, 14, 17, 19, 23, 26, 28, 29, 32, 33, 34, 35, 36, 38, 40, 42, 43, 46, 47, 48, 51, 53, 54, 56, 57, 58, 59, 60, 61, 62, 64, 68, 70, 72, 75, 76, 79, 80, 81, 82, 87, 91, 92, 96, 97, 98]"
79,Dequeue,96,"[6, 43, 5, 13, 12, 57, 58, 23, 0, 80, 19, 46, 87, 51, 4, 28, 33, 56, 60, 64, 47, 35, 48, 53, 62, 68]","[0, 4, 5, 6, 7, 8, 12, 13, 14, 17, 19, 23, 26, 28, 29, 32, 33, 34, 35, 36, 38, 40, 42, 43, 46, 47, 48, 51, 53, 54, 56, 57, 58, 59, 60, 61, 62, 64, 68, 70, 72, 75, 76, 79, 80, 81, 82, 87, 91, 92, 96, 97, 98]"
80,Enqueue,18,"[6, 43, 5, 13, 12, 57, 58, 23, 0, 80, 19, 46, 87, 51, 4, 28, 33, 56, 60, 64, 47, 35, 48, 53, 62, 68, 18]","[0, 4, 5, 6, 7, 8, 12, 13, 14, 17, 18, 19, 23, 26, 28, 29, 32, 33, 34, 35, 36, 38, 40, 42, 43, 46, 47, 48, 51, 53, 54, 56, 57, 58, 59, 60, 61, 62, 64, 68, 70, 72, 75, 76, 79, 80, 81, 82, 87, 91, 92, 96, 97, 98]"
81,Dequeue,6,"[43, 5, 13, 12, 57, 58, 23, 0, 80, 19, 46, 87, 51, 4, 28, 33, 56, 60, 64, 47, 35, 48, 53, 62, 68, 18]","[0, 4, 5, 6, 7, 8, 12, 13, 14, 17, 18, 19, 23, 26, 28, 29, 32, 33, 34, 35, 36, 38, 40, 42, 43, 46, 47, 48, 51, 53, 54, 56, 57, 58, 59, 60, 61, 62, 64, 68, 70, 72, 75, 76, 79, 80, 81, 82, 87, 91, 92, 96, 97, 98]"
82,Dequeue,43,"[5, 13, 12, 57, 58, 23, 0, 80, 19, 46, 87, 51, 4, 28, 33, 56, 60, 64, 47, 35, 48, 53, 62, 68, 18]","[0, 4, 5, 6, 7, 8, 12, 13, 14, 17, 18, 19, 23, 26, 28, 29, 32, 33, 34, 35, 36, 38, 40, 42, 43, 46, 47, 48, 51, 53, 54, 56, 57, 58, 59, 60, 61, 62, 64, 68, 70, 72, 75, 76, 79, 80, 81, 82, 87, 91, 92, 96, 97, 98]"
83,Dequeue,5,"[13, 12, 57, 58, 23, 0, 80, 19, 46, 87, 51, 4, 28, 33, 56, 60, 64, 47, 35, 48, 53, 62, 68, 18]","[0, 4, 5, 6, 7, 8, 12, 13, 14, 17, 18, 19, 23, 26, 28, 29, 32, 33, 34, 35, 36, 38, 40, 42, 43, 46, 47, 48, 51, 53, 54, 56, 57, 58, 59, 60, 61, 62, 64, 68, 70, 72, 75, 76, 79, 80, 81, 82, 87, 91, 92, 96, 97, 98]"
84,Enqueue,77,"[13, 12, 57, 58, 23, 0, 80, 19, 46, 87, 51, 4, 28, 33, 56, 60, 64, 47, 35, 48, 53, 62, 68, 18, 77]","[0, 4, 5, 6, 7, 8, 12, 13, 14, 17, 18, 19, 23, 26, 28, 29, 32, 33, 34, 35, 36, 38, 40, 42, 43, 46, 47, 48, 51, 53, 54, 56, 57, 58, 59, 60, 61, 62, 64, 68, 70, 72, 75, 76, 77, 79, 80, 81, 82, 87, 91, 92, 96, 97, 98]"
85,Dequeue,13,"[12, 57, 58, 23, 0, 80, 19, 46, 87, 51, 4, 28, 33, 56, 60, 64, 47, 35, 48, 53, 62, 68, 18, 77]","[0, 4, 5, 6, 7, 8, 12, 13, 14, 17, 18, 19, 23, 26, 28, 29, 32, 33, 34, 35, 36, 38, 40, 42, 43, 46, 47, 48, 51, 53, 54, 56, 57, 58, 59, 60, 61, 62, 64, 68, 70, 72, 75, 76, 77, 79, 80, 81, 82, 87, 91, 92, 96, 97, 98]"
86,Enqueue,66,"[12, 57, 58, 23, 0, 80, 19, 46, 87, 51, 4, 28, 33, 56, 60, 64, 47, 35, 48, 53, 62, 68, 18, 77, 66]","[0, 4, 5, 6, 7, 8, 12, 13, 14, 17, 18, 19, 23, 26, 28, 29, 32, 33, 34, 35, 36, 38, 40, 42, 43, 46, 47, 48, 51, 53, 54, 56, 57, 58, 59, 60, 61, 62, 64, 66, 68, 70, 72, 75, 76, 77, 79, 80, 81, 82, 87, 91, 92, 96, 97, 98]"
87,Enqueue,88,"[12, 57, 58, 23, 0, 80, 19, 46, 87, 51, 4, 28, 33, 56, 60, 64, 47, 35, 48, 53, 62, 68, 18, 77, 66, 88]","[0, 4, 5, 6, 7, 8, 12, 13, 14, 17, 18, 19, 23, 26, 28, 29, 32, 33, 34, 35, 36, 38, 40, 42, 43, 46, 47, 48, 51, 53, 54, 56, 57, 58, 59, 60, 61, 62, 64, 66, 68, 70, 72, 75, 76, 77, 79, 80, 81, 82, 87, 88, 91, 92, 96, 97, 98]"
88,Dequeue,12,"[57, 58, 23, 0, 80, 19, 46, 87, 51, 4, 28, 33, 56, 60, 64, 47, 35, 48, 53, 62, 68, 18, 77, 66, 88]","[0, 4, 5, 6, 7, 8, 12, 13, 14, 17, 18, 19, 23, 26, 28, 29, 32, 33, 34, 35, 36, 38, 40, 42, 43, 46, 47, 48, 51, 53, 54, 56, 57, 58, 59, 60, 61, 62, 64, 66, 68, 70, 72, 75, 76, 77, 79, 80, 81, 82, 87, 88, 91, 92, 96, 97, 98]"
89,Enqueue,78,"[57, 58, 23, 0, 80, 19, 46, 87, 51, 4, 28, 33, 56, 60, 64, 47, 35, 48, 53, 62, 68, 18, 77, 66, 88, 78]","[0, 4, 5, 6, 7, 8, 12, 13, 14, 17, 18, 19, 23, 26, 28, 29, 32, 33, 34, 35, 36, 38, 40, 42, 43, 46, 47, 48, 51, 53, 54, 56, 57, 58, 59, 60, 61, 62, 64, 66, 68, 70, 72, 75, 76, 77, 78, 79, 80, 81, 82, 87, 88, 91, 92, 96, 97, 98]"
90,Dequeue,57,"[58, 23, 0, 80, 19, 46, 87, 51, 4, 28, 33, 56, 60, 64, 47, 35, 48, 53, 62, 68, 18, 77, 66, 88, 78]","[0, 4, 5, 6, 7, 8, 12, 13, 14, 17, 18, 19, 23, 26, 28, 29, 32, 33, 34, 35, 36, 38, 40, 42, 43, 46, 47, 48, 51, 53, 54, 56, 57, 58, 59, 60, 61, 62, 64, 66, 68, 70, 72, 75, 76, 77, 78, 79, 80, 81, 82, 87, 88, 91, 92, 96, 97, 98]"
91,Dequeue,58,"[23, 0, 80, 19, 46, 87, 51, 4, 28, 33, 56, 60, 64, 47, 35, 48, 53, 62, 68, 18, 77, 66, 88, 78]","[0, 4, 5, 6, 7, 8, 12, 13, 14, 17, 18, 19, 23, 26, 28, 29, 32, 33, 34, 35, 36, 38, 40, 42, 43, 46, 47, 48, 51, 53, 54, 56, 57, 58, 59, 60, 61, 62, 64, 66, 68, 70, 72, 75, 76, 77, 78, 79, 80, 81, 82, 87, 88, 91, 92, 96, 97, 98]"
92,Dequeue,23,"[0, 80, 19, 46, 87, 51, 4, 28, 33, 56, 60, 64, 47, 35, 48, 53, 62, 68, 18, 77, 66, 88, 78]","[0, 4, 5, 6, 7, 8, 12, 13, 14, 17, 18, 19, 23, 26, 28, 29, 32, 33, 34, 35, 36, 38, 40, 42, 43, 46, 47, 48, 51, 53, 54, 56, 57, 58, 59, 60, 61, 62, 64, 66, 68, 70, 72, 75, 76, 77, 78, 79, 80, 81, 82, 87, 88, 91, 92, 96, 97, 98]"
93,Dequeue,0,"[80, 19, 46, 87, 51, 4, 28, 33, 56, 60, 64, 47, 35, 48, 53, 62, 68, 18, 77, 66, 88, 78]","[0, 4, 5, 6, 7, 8, 12, 13, 14, 17, 18, 19, 23, 26, 28, 29, 32, 33, 34, 35, 36, 38, 40, 42, 43, 46, 47, 48, 51, 53, 54, 56, 57, 58, 59, 60, 61, 62, 64, 66, 68, 70, 72, 75, 76, 77, 78, 79, 80, 81, 82, 87, 88, 91, 92, 96, 97, 98]"
94,Enqueue,83,"[80, 19, 46, 87, 51, 4, 28, 33, 56, 60, 64, 47, 35, 48, 53, 62, 68, 18, 77, 66, 88, 78, 83]","[0, 4, 5, 6, 7, 8, 12, 13, 14, 17, 18, 19, 23, 26, 28, 29, 32, 33, 34, 35, 36, 38, 40, 42, 43, 46, 47, 48, 51, 53, 54, 56, 57, 58, 59, 60, 61, 62, 64, 66, 68, 70, 72, 75, 76, 77, 78, 79, 80, 81, 82, 83, 87, 88, 91, 92, 96, 97, 98]"
95,Dequeue,80,"[19, 46, 87, 51, 4, 28, 33, 56, 60, 64, 47, 35, 48, 53, 62, 68, 18, 77, 66, 88, 78, 83]","[0, 4, 5, 6, 7, 8, 12, 13, 14, 17, 18, 19, 23, 26, 28, 29, 32, 33, 34, 35, 36, 38, 40, 42, 43, 46, 47, 48, 51, 53, 54, 56, 57, 58, 59, 60, 61, 62, 64, 66, 68, 70, 72, 75, 76, 77, 78, 79, 80, 81, 82, 83, 87, 88, 91, 92, 96, 97, 98]"
96,Dequeue,19,"[46, 87, 51, 4, 28, 33, 56, 60, 64, 47, 35, 48, 53, 62, 68, 18, 77, 66, 88, 78, 83]","[0, 4, 5, 6, 7, 8, 12, 13, 14, 17, 18, 19, 23, 26, 28, 29, 32, 33, 34, 35, 36, 38, 40, 42, 43, 46, 47, 48, 51, 53, 54, 56, 57, 58, 59, 60, 61, 62, 64, 66, 68, 70, 72, 75, 76, 77, 78, 79, 80, 81, 82, 83, 87, 88, 91, 92, 96, 97, 98]"
97,Enqueue,84,"[46, 87, 51, 4, 28, 33, 56, 60, 64, 47, 35, 48, 53, 62, 68, 18, 77, 66, 88, 78, 83, 84]","[0, 4, 5, 6, 7, 8, 12, 13, 14, 17, 18, 19, 23, 26, 28, 29, 32, 33, 34, 35, 36, 38, 40, 42, 43, 46, 47, 48, 51, 53, 54, 56, 57, 58, 59, 60, 61, 62, 64, 66, 68, 70, 72, 75, 76, 77, 78, 79, 80, 81, 82, 83, 84, 87, 88, 91, 92, 96, 97, 98]"
98,Dequeue,46,"[87, 51, 4, 28, 33, 56, 60, 64, 47, 35, 48, 53, 62, 68, 18, 77, 66, 88, 78, 83, 84]","[0, 4, 5, 6, 7, 8, 12, 13, 14, 17, 18, 19, 23, 26, 28, 29, 32, 33, 34, 35, 36, 38, 40, 42, 43, 46, 47, 48, 51, 53, 54, 56, 57, 58, 59, 60, 61, 62, 64, 66, 68, 70, 72, 75, 76, 77, 78, 79, 80, 81, 82, 83, 84, 87, 88, 91, 92, 96, 97, 98]"
99,Dequeue,87,"[51, 4, 28, 33, 56, 60, 64, 47, 35, 48, 53, 62, 68, 18, 77, 66, 88, 78, 83, 84]","[0, 4, 5, 6, 7, 8, 12, 13, 14, 17, 18, 19, 23, 26, 28, 29, 32, 33, 34, 35, 36, 38, 40, 42, 43, 46, 47, 48, 51, 53, 54, 56, 57, 58, 59, 60, 61, 62, 64, 66, 68, 70, 72, 75, 76, 77, 78, 79, 80, 81, 82, 83, 84, 87, 88, 91, 92, 96, 97, 98]"
100,Dequeue,51,"[4, 28, 33, 56, 60, 64, 47, 35, 48, 53, 62, 68, 18, 77, 66, 88, 78, 83, 84]","[0, 4, 5, 6, 7, 8, 12, 13, 14, 17, 18, 19, 23, 26, 28, 29, 32, 33, 34, 35, 36, 38, 40, 42, 43, 46, 47, 48, 51, 53, 54, 56, 57, 58, 59, 60, 61, 62, 64, 66, 68, 70, 72, 75, 76, 77, 78, 79, 80, 81, 82, 83, 84, 87, 88, 91, 92, 96, 97, 98]"
101,Dequeue,4,"[28, 33, 56, 60, 64, 47, 35, 48, 53, 62, 68, 18, 77, 66, 88, 78, 83, 84]","[0, 4, 5, 6, 7, 8, 12, 13, 14, 17, 18, 19, 23, 26, 28, 29, 32, 33, 34, 35, 36, 38, 40, 42, 43, 46, 47, 48, 51, 53, 54, 56, 57, 58, 59, 60, 61, 62, 64, 66, 68, 70, 72, 75, 76, 77, 78, 79, 80, 81, 82, 83, 84, 87, 88, 91, 92, 96, 97, 98]"
102,Enqueue,22,"[28, 33, 56, 60, 64, 47, 35, 48, 53, 62, 68, 18, 77, 66, 88, 78, 83, 84, 22]","[0, 4, 5, 6, 7, 8, 12, 13, 14, 17, 18, 19, 22, 23, 26, 28, 29, 32, 33, 34, 35, 36, 38, 40, 42, 43, 46, 47, 48, 51, 53, 54, 56, 57, 58, 59, 60, 61, 62, 64, 66, 68, 70, 72, 75, 76, 77, 78, 79, 80, 81, 82, 83, 84, 87, 88, 91, 92, 96, 97, 98]"
103,Dequeue,28,"[33, 56, 60, 64, 47, 35, 48, 53, 62, 68, 18, 77, 66, 88, 78, 83, 84, 22]","[0, 4, 5, 6, 7, 8, 12, 13, 14, 17, 18, 19, 22, 23, 26, 28, 29, 32, 33, 34, 35, 36, 38, 40, 42, 43, 46, 47, 48, 51, 53, 54, 56, 57, 58, 59, 60, 61, 62, 64, 66, 68, 70, 72, 75, 76, 77, 78, 79, 80, 81, 82, 83, 84, 87, 88, 91, 92, 96, 97, 98]"
104,Enqueue,71,"[33, 56, 60, 64, 47, 35, 48, 53, 62, 68, 18, 77, 66, 88, 78, 83, 84, 22, 71]","[0, 4, 5, 6, 7, 8, 12, 13, 14, 17, 18, 19, 22, 23, 26, 28, 29, 32, 33, 34, 35, 36, 38, 40, 42, 43, 46, 47, 48, 51, 53, 54, 56, 57, 58, 59, 60, 61, 62, 64, 66, 68, 70, 71, 72, 75, 76, 77, 78, 79, 80, 81, 82, 83, 84, 87, 88, 91, 92, 96, 97, 98]"
105,Dequeue,33,"[56, 60, 64, 47, 35, 48, 53, 62, 68, 18, 77, 66, 88, 78, 83, 84, 22, 71]","[0, 4, 5, 6, 7, 8, 12, 13, 14, 17, 18, 19, 22, 23, 26, 28, 29, 32, 33, 34, 35, 36, 38, 40, 42, 43, 46, 47, 48, 51, 53, 54, 56, 57, 58, 59, 60, 61, 62, 64, 66, 68, 70, 71, 72, 75, 76, 77, 78, 79, 80, 81, 82, 83, 84, 87, 88, 91, 92, 96, 97, 98]"
106,Dequeue,56,"[60, 64, 47, 35, 48, 53, 62, 68, 18, 77, 66, 88, 78, 83, 84, 22, 71]","[0, 4, 5, 6, 7, 8, 12, 13, 14, 17, 18, 19, 22, 23, 26, 28, 29, 32, 33, 34, 35, 36, 38, 40, 42, 43, 46, 47, 48, 51, 53, 54, 56, 57, 58, 59, 60, 61, 62, 64, 66, 68, 70, 71, 72, 75, 76, 77, 78, 79, 80, 81, 82, 83, 84, 87, 88, 91, 92, 96, 97, 98]"
107,Dequeue,60,"[64, 47, 35, 48, 53, 62, 68, 18, 77, 66, 88, 78, 83, 84, 22, 71]","[0, 4, 5, 6, 7, 8, 12, 13, 14, 17, 18, 19, 22, 23, 26, 28, 29, 32, 33, 34, 35, 36, 38, 40, 42, 43, 46, 47, 48, 51, 53, 54, 56, 57, 58, 59, 60, 61, 62, 64, 66, 68, 70, 71, 72, 75, 76, 77, 78, 79, 80, 81, 82, 83, 84, 87, 88, 91, 92, 96, 97, 98]"
108,Enqueue,89,"[64, 47, 35, 48, 53, 62, 68, 18, 77, 66, 88, 78, 83, 84, 22, 71, 89]","[0, 4, 5, 6, 7, 8, 12, 13, 14, 17, 18, 19, 22, 23, 26, 28, 29, 32, 33, 34, 35, 36, 38, 40, 42, 43, 46, 47, 48, 51, 53, 54, 56, 57, 58, 59, 60, 61, 62, 64, 66, 68, 70, 71, 72, 75, 76, 77, 78, 79, 80, 81, 82, 83, 84, 87, 88, 89, 91, 92, 96, 97, 98]"
109,Dequeue,64,"[47, 35, 48, 53, 62, 68, 18, 77, 66, 88, 78, 83, 84, 22, 71, 89]","[0, 4, 5, 6, 7, 8, 12, 13, 14, 17, 18, 19, 22, 23, 26, 28, 29, 32, 33, 34, 35, 36, 38, 40, 42, 43, 46, 47, 48, 51, 53, 54, 56, 57, 58, 59, 60, 61, 62, 64, 66, 68, 70, 71, 72, 75, 76, 77, 78, 79, 80, 81, 82, 83, 84, 87, 88, 89, 91, 92, 96, 97, 98]"
110,Dequeue,47,"[35, 48, 53, 62, 68, 18, 77, 66, 88, 78, 83, 84, 22, 71, 89]","[0, 4, 5, 6, 7, 8, 12, 13, 14, 17, 18, 19, 22, 23, 26, 28, 29, 32, 33, 34, 35, 36, 38, 40, 42, 43, 46, 47, 48, 51, 53, 54, 56, 57, 58, 59, 60, 61, 62, 64, 66, 68, 70, 71, 72, 75, 76, 77, 78, 79, 80, 81, 82, 83, 84, 87, 88, 89, 91, 92, 96, 97, 98]"
111,Enqueue,31,"[35, 48, 53, 62, 68, 18, 77, 66, 88, 78, 83, 84, 22, 71, 89, 31]","[0, 4, 5, 6, 7, 8, 12, 13, 14, 17, 18, 19, 22, 23, 26, 28, 29, 31, 32, 33, 34, 35, 36, 38, 40, 42, 43, 46, 47, 48, 51, 53, 54, 56, 57, 58, 59, 60, 61, 62, 64, 66, 68, 70, 71, 72, 75, 76, 77, 78, 79, 80, 81, 82, 83, 84, 87, 88, 89, 91, 92, 96, 97, 98]"
112,Dequeue,35,"[48, 53, 62, 68, 18, 77, 66, 88, 78, 83, 84, 22, 71, 89, 31]","[0, 4, 5, 6, 7, 8, 12, 13, 14, 17, 18, 19, 22, 23, 26, 28, 29, 31, 32, 33, 34, 35, 36, 38, 40, 42, 43, 46, 47, 48, 51, 53, 54, 56, 57, 58, 59, 60, 61, 62, 64, 66, 68, 70, 71, 72, 75, 76, 77, 78, 79, 80, 81, 82, 83, 84, 87, 88, 89, 91, 92, 96, 97, 98]"
113,Enqueue,63,"[48, 53, 62, 68, 18, 77, 66, 88, 78, 83, 84, 22, 71, 89, 31, 63]","[0, 4, 5, 6, 7, 8, 12, 13, 14, 17, 18, 19, 22, 23, 26, 28, 29, 31, 32, 33, 34, 35, 36, 38, 40, 42, 43, 46, 47, 48, 51, 53, 54, 56, 57, 58, 59, 60, 61, 62, 63, 64, 66, 68, 70, 71, 72, 75, 76, 77, 78, 79, 80, 81, 82, 83, 84, 87, 88, 89, 91, 92, 96, 97, 98]"
114,Dequeue,48,"[53, 62, 68, 18, 77, 66, 88, 78, 83, 84, 22, 71, 89, 31, 63]","[0, 4, 5, 6, 7, 8, 12, 13, 14, 17, 18, 19, 22, 23, 26, 28, 29, 31, 32, 33, 34, 35, 36, 38, 40, 42, 43, 46, 47, 48, 51, 53, 54, 56, 57, 58, 59, 60, 61, 62, 63, 64, 66, 68, 70, 71, 72, 75, 76, 77, 78, 79, 80, 81, 82, 83, 84, 87, 88, 89, 91, 92, 96, 97, 98]"
115,Enqueue,24,"[53, 62, 68, 18, 77, 66, 88, 78, 83, 84, 22, 71, 89, 31, 63, 24]","[0, 4, 5, 6, 7, 8, 12, 13, 14, 17, 18, 19, 22, 23, 24, 26, 28, 29, 31, 32, 33, 34, 35, 36, 38, 40, 42, 43, 46, 47, 48, 51, 53, 54, 56, 57, 58, 59, 60, 61, 62, 63, 64, 66, 68, 70, 71, 72, 75, 76, 77, 78, 79, 80, 81, 82, 83, 84, 87, 88, 89, 91, 92, 96, 97, 98]"
116,Dequeue,53,"[62, 68, 18, 77, 66, 88, 78, 83, 84, 22, 71, 89, 31, 63, 24]","[0, 4, 5, 6, 7, 8, 12, 13, 14, 17, 18, 19, 22, 23, 24, 26, 28, 29, 31, 32, 33, 34, 35, 36, 38, 40, 42, 43, 46, 47, 48, 51, 53, 54, 56, 57, 58, 59, 60, 61, 62, 63, 64, 66, 68, 70, 71, 72, 75, 76, 77, 78, 79, 80, 81, 82, 83, 84, 87, 88, 89, 91, 92, 96, 97, 98]"
117,Dequeue,62,"[68, 18, 77, 66, 88, 78, 83, 84, 22, 71, 89, 31, 63, 24]","[0, 4, 5, 6, 7, 8, 12, 13, 14, 17, 18, 19, 22, 23, 24, 26, 28, 29, 31, 32, 33, 34, 35, 36, 38, 40, 42, 43, 46, 47, 48, 51, 53, 54, 56, 57, 58, 59, 60, 61, 62, 63, 64, 66, 68, 70, 71, 72, 75, 76, 77, 78, 79, 80, 81, 82, 83, 84, 87, 88, 89, 91, 92, 96, 97, 98]"
118,Enqueue,93,"[68, 18, 77, 66, 88, 78, 83, 84, 22, 71, 89, 31, 63, 24, 93]","[0, 4, 5, 6, 7, 8, 12, 13, 14, 17, 18, 19, 22, 23, 24, 26, 28, 29, 31, 32, 33, 34, 35, 36, 38, 40, 42, 43, 46, 47, 48, 51, 53, 54, 56, 57, 58, 59, 60, 61, 62, 63, 64, 66, 68, 70, 71, 72, 75, 76, 77, 78, 79, 80, 81, 82, 83, 84, 87, 88, 89, 91, 92, 93, 96, 97, 98]"
119,Dequeue,68,"[18, 77, 66, 88, 78, 83, 84, 22, 71, 89, 31, 63, 24, 93]","[0, 4, 5, 6, 7, 8, 12, 13, 14, 17, 18, 19, 22, 23, 24, 26, 28, 29, 31, 32, 33, 34, 35, 36, 38, 40, 42, 43, 46, 47, 48, 51, 53, 54, 56, 57, 58, 59, 60, 61, 62, 63, 64, 66, 68, 70, 71, 72, 75, 76, 77, 78, 79, 80, 81, 82, 83, 84, 87, 88, 89, 91, 92, 93, 96, 97, 98]"
120,Enqueue,73,"[18, 77, 66, 88, 78, 83, 84, 22, 71, 89, 31, 63, 24, 93, 73]","[0, 4, 5, 6, 7, 8, 12, 13, 14, 17, 18, 19, 22, 23, 24, 26, 28, 29, 31, 32, 33, 34, 35, 36, 38, 40, 42, 43, 46, 47, 48, 51, 53, 54, 56, 57, 58, 59, 60, 61, 62, 63, 64, 66, 68, 70, 71, 72, 73, 75, 76, 77, 78, 79, 80, 81, 82, 83, 84, 87, 88, 89, 91, 92, 93, 96, 97, 98]"
121,Dequeue,18,"[77, 66, 88, 78, 83, 84, 22, 71, 89, 31, 63, 24, 93, 73]","[0, 4, 5, 6, 7, 8, 12, 13, 14, 17, 18, 19, 22, 23, 24, 26, 28, 29, 31, 32, 33, 34, 35, 36, 38, 40, 42, 43, 46, 47, 48, 51, 53, 54, 56, 57, 58, 59, 60, 61, 62, 63, 64, 66, 68, 70, 71, 72, 73, 75, 76, 77, 78, 79, 80, 81, 82, 83, 84, 87, 88, 89, 91, 92, 93, 96, 97, 98]"
122,Dequeue,77,"[66, 88, 78, 83, 84, 22, 71, 89, 31, 63, 24, 93, 73]","[0, 4, 5, 6, 7, 8, 12, 13, 14, 17, 18, 19, 22, 23, 24, 26, 28, 29, 31, 32, 33, 34, 35, 36, 38, 40, 42, 43, 46, 47, 48, 51, 53, 54, 56, 57, 58, 59, 60, 61, 62, 63, 64, 66, 68, 70, 71, 72, 73, 75, 76, 77, 78, 79, 80, 81, 82, 83, 84, 87, 88, 89, 91, 92, 93, 96, 97, 98]"
123,Enqueue,44,"[66, 88, 78, 83, 84, 22, 71, 89, 31, 63, 24, 93, 73, 44]","[0, 4, 5, 6, 7, 8, 12, 13, 14, 17, 18, 19, 22, 23, 24, 26, 28, 29, 31, 32, 33, 34, 35, 36, 38, 40, 42, 43, 44, 46, 47, 48, 51, 53, 54, 56, 57, 58, 59, 60, 61, 62, 63, 64, 66, 68, 70, 71, 72, 73, 75, 76, 77, 78, 79, 80, 81, 82, 83, 84, 87, 88, 89, 91, 92, 93, 96, 97, 98]"
124,Dequeue,66,"[88, 78, 83, 84, 22, 71, 89, 31, 63, 24, 93, 73, 44]","[0, 4, 5, 6, 7, 8, 12, 13, 14, 17, 18, 19, 22, 23, 24, 26, 28, 29, 31, 32, 33, 34, 35, 36, 38, 40, 42, 43, 44, 46, 47, 48, 51, 53, 54, 56, 57, 58, 59, 60, 61, 62, 63, 64, 66, 68, 70, 71, 72, 73, 75, 76, 77, 78, 79, 80, 81, 82, 83, 84, 87, 88, 89, 91, 92, 93, 96, 97, 98]"
125,Enqueue,3,"[88, 78, 83, 84, 22, 71, 89, 31, 63, 24, 93, 73, 44, 3]","[0, 3, 4, 5, 6, 7, 8, 12, 13, 14, 17, 18, 19, 22, 23, 24, 26, 28, 29, 31, 32, 33, 34, 35, 36, 38, 40, 42, 43, 44, 46, 47, 48, 51, 53, 54, 56, 57, 58, 59, 60, 61, 62, 63, 64, 66, 68, 70, 71, 72, 73, 75, 76, 77, 78, 79, 80, 81, 82, 83, 84, 87, 88, 89, 91, 92, 93, 96, 97, 98]"
126,Enqueue,2,"[88, 78, 83, 84, 22, 71, 89, 31, 63, 24, 93, 73, 44, 3, 2]","[0, 2, 3, 4, 5, 6, 7, 8, 12, 13, 14, 17, 18, 19, 22, 23, 24, 26, 28, 29, 31, 32, 33, 34, 35, 36, 38, 40, 42, 43, 44, 46, 47, 48, 51, 53, 54, 56, 57, 58, 59, 60, 61, 62, 63, 64, 66, 68, 70, 71, 72, 73, 75, 76, 77, 78, 79, 80, 81, 82, 83, 84, 87, 88, 89, 91, 92, 93, 96, 97, 98]"
127,Dequeue,88,"[78, 83, 84, 22, 71, 89, 31, 63, 24, 93, 73, 44, 3, 2]","[0, 2, 3, 4, 5, 6, 7, 8, 12, 13, 14, 17, 18, 19, 22, 23, 24, 26, 28, 29, 31, 32, 33, 34, 35, 36, 38, 40, 42, 43, 44, 46, 47, 48, 51, 53, 54, 56, 57, 58, 59, 60, 61, 62, 63, 64, 66, 68, 70, 71, 72, 73, 75, 76, 77, 78, 79, 80, 81, 82, 83, 84, 87, 88, 89, 91, 92, 93, 96, 97, 98]"
128,Dequeue,78,"[83, 84, 22, 71, 89, 31, 63, 24, 93, 73, 44, 3, 2]","[0, 2, 3, 4, 5, 6, 7, 8, 12, 13, 14, 17, 18, 19, 22, 23, 24, 26, 28, 29, 31, 32, 33, 34, 35, 36, 38, 40, 42, 43, 44, 46, 47, 48, 51, 53, 54, 56, 57, 58, 59, 60, 61, 62, 63, 64, 66, 68, 70, 71, 72, 73, 75, 76, 77, 78, 79, 80, 81, 82, 83, 84, 87, 88, 89, 91, 92, 93, 96, 97, 98]"
129,Enqueue,15,"[83, 84, 22, 71, 89, 31, 63, 24, 93, 73, 44, 3, 2, 15]","[0, 2, 3, 4, 5, 6, 7, 8, 12, 13, 14, 15, 17, 18, 19, 22, 23, 24, 26, 28, 29, 31, 32, 33, 34, 35, 36, 38, 40, 42, 43, 44, 46, 47, 48, 51, 53, 54, 56, 57, 58, 59, 60, 61, 62, 63, 64, 66, 68, 70, 71, 72, 73, 75, 76, 77, 78, 79, 80, 81, 82, 83, 84, 87, 88, 89, 91, 92, 93, 96, 97, 98]"
130,Enqueue,27,"[83, 84, 22, 71, 89, 31, 63, 24, 93, 73, 44, 3, 2, 15, 27]","[0, 2, 3, 4, 5, 6, 7, 8, 12, 13, 14, 15, 17, 18, 19, 22, 23, 24, 26, 27, 28, 29, 31, 32, 33, 34, 35, 36, 38, 40, 42, 43, 44, 46, 47, 48, 51, 53, 54, 56, 57, 58, 59, 60, 61, 62, 63, 64, 66, 68, 70, 71, 72, 73, 75, 76, 77, 78, 79, 80, 81, 82, 83, 84, 87, 88, 89, 91, 92, 93, 96, 97, 98]"
131,Enqueue,16,"[83, 84, 22, 71, 89, 31, 63, 24, 93, 73, 44, 3, 2, 15, 27, 16]","[0, 2, 3, 4, 5, 6, 7, 8, 12, 13, 14, 15, 16, 17, 18, 19, 22, 23, 24, 26, 27, 28, 29, 31, 32, 33, 34, 35, 36, 38, 40, 42, 43, 44, 46, 47, 48, 51, 53, 54, 56, 57, 58, 59, 60, 61, 62, 63, 64, 66, 68, 70, 71, 72, 73, 75, 76, 77, 78, 79, 80, 81, 82, 83, 84, 87, 88, 89, 91, 92, 93, 96, 97, 98]"
132,Enqueue,95,"[83, 84, 22, 71, 89, 31, 63, 24, 93, 73, 44, 3, 2, 15, 27, 16, 95]","[0, 2, 3, 4, 5, 6, 7, 8, 12, 13, 14, 15, 16, 17, 18, 19, 22, 23, 24, 26, 27, 28, 29, 31, 32, 33, 34, 35, 36, 38, 40, 42, 43, 44, 46, 47, 48, 51, 53, 54, 56, 57, 58, 59, 60, 61, 62, 63, 64, 66, 68, 70, 71, 72, 73, 75, 76, 77, 78, 79, 80, 81, 82, 83, 84, 87, 88, 89, 91, 92, 93, 95, 96, 97, 98]"
133,Enqueue,94,"[83, 84, 22, 71, 89, 31, 63, 24, 93, 73, 44, 3, 2, 15, 27, 16, 95, 94]","[0, 2, 3, 4, 5, 6, 7, 8, 12, 13, 14, 15, 16, 17, 18, 19, 22, 23, 24, 26, 27, 28, 29, 31, 32, 33, 34, 35, 36, 38, 40, 42, 43, 44, 46, 47, 48, 51, 53, 54, 56, 57, 58, 59, 60, 61, 62, 63, 64, 66, 68, 70, 71, 72, 73, 75, 76, 77, 78, 79, 80, 81, 82, 83, 84, 87, 88, 89, 91, 92, 93, 94, 95, 96, 97, 98]"
134,Dequeue,83,"[84, 22, 71, 89, 31, 63, 24, 93, 73, 44, 3, 2, 15, 27, 16, 95, 94]","[0, 2, 3, 4, 5, 6, 7, 8, 12, 13, 14, 15, 16, 17, 18, 19, 22, 23, 24, 26, 27, 28, 29, 31, 32, 33, 34, 35, 36, 38, 40, 42, 43, 44, 46, 47, 48, 51, 53, 54, 56, 57, 58, 59, 60, 61, 62, 63, 64, 66, 68, 70, 71, 72, 73, 75, 76, 77, 78, 79, 80, 81, 82, 83, 84, 87, 88, 89, 91, 92, 93, 94, 95, 96, 97, 98]"
135,Enqueue,37,"[84, 22, 71, 89, 31, 63, 24, 93, 73, 44, 3, 2, 15, 27, 16, 95, 94, 37]","[0, 2, 3, 4, 5, 6, 7, 8, 12, 13, 14, 15, 16, 17, 18, 19, 22, 23, 24, 26, 27, 28, 29, 31, 32, 33, 34, 35, 36, 37, 38, 40, 42, 43, 44, 46, 47, 48, 51, 53, 54, 56, 57, 58, 59, 60, 61, 62, 63, 64, 66, 68, 70, 71, 72, 73, 75, 76, 77, 78, 79, 80, 81, 82, 83, 84, 87, 88, 89, 91, 92, 93, 94, 95, 96, 97, 98]"
136,Dequeue,84,"[22, 71, 89, 31, 63, 24, 93, 73, 44, 3, 2, 15, 27, 16, 95, 94, 37]","[0, 2, 3, 4, 5, 6, 7, 8, 12, 13, 14, 15, 16, 17, 18, 19, 22, 23, 24, 26, 27, 28, 29, 31, 32, 33, 34, 35, 36, 37, 38, 40, 42, 43, 44, 46, 47, 48, 51, 53, 54, 56, 57, 58, 59, 60, 61, 62, 63, 64, 66, 68, 70, 71, 72, 73, 75, 76, 77, 78, 79, 80, 81, 82, 83, 84, 87, 88, 89, 91, 92, 93, 94, 95, 96, 97, 98]"
137,Dequeue,22,"[71, 89, 31, 63, 24, 93, 73, 44, 3, 2, 15, 27, 16, 95, 94, 37]","[0, 2, 3, 4, 5, 6, 7, 8, 12, 13, 14, 15, 16, 17, 18, 19, 22, 23, 24, 26, 27, 28, 29, 31, 32, 33, 34, 35, 36, 37, 38, 40, 42, 43, 44, 46, 47, 48, 51, 53, 54, 56, 57, 58, 59, 60, 61, 62, 63, 64, 66, 68, 70, 71, 72, 73, 75, 76, 77, 78, 79, 80, 81, 82, 83, 84, 87, 88, 89, 91, 92, 93, 94, 95, 96, 97, 98]"
138,Dequeue,71,"[89, 31, 63, 24, 93, 73, 44, 3, 2, 15, 27, 16, 95, 94, 37]","[0, 2, 3, 4, 5, 6, 7, 8, 12, 13, 14, 15, 16, 17, 18, 19, 22, 23, 24, 26, 27, 28, 29, 31, 32, 33, 34, 35, 36, 37, 38, 40, 42, 43, 44, 46, 47, 48, 51, 53, 54, 56, 57, 58, 59, 60, 61, 62, 63, 64, 66, 68, 70, 71, 72, 73, 75, 76, 77, 78, 79, 80, 81, 82, 83, 84, 87, 88, 89, 91, 92, 93, 94, 95, 96, 97, 98]"
139,Dequeue,89,"[31, 63, 24, 93, 73, 44, 3, 2, 15, 27, 16, 95, 94, 37]","[0, 2, 3, 4, 5, 6, 7, 8, 12, 13, 14, 15, 16, 17, 18, 19, 22, 23, 24, 26, 27, 28, 29, 31, 32, 33, 34, 35, 36, 37, 38, 40, 42, 43, 44, 46, 47, 48, 51, 53, 54, 56, 57, 58, 59, 60, 61, 62, 63, 64, 66, 68, 70, 71, 72, 73, 75, 76, 77, 78, 79, 80, 81, 82, 83, 84, 87, 88, 89, 91, 92, 93, 94, 95, 96, 97, 98]"
140,Enqueue,45,"[31, 63, 24, 93, 73, 44, 3, 2, 15, 27, 16, 95, 94, 37, 45]","[0, 2, 3, 4, 5, 6, 7, 8, 12, 13, 14, 15, 16, 17, 18, 19, 22, 23, 24, 26, 27, 28, 29, 31, 32, 33, 34, 35, 36, 37, 38, 40, 42, 43, 44, 45, 46, 47, 48, 51, 53, 54, 56, 57, 58, 59, 60, 61, 62, 63, 64, 66, 68, 70, 71, 72, 73, 75, 76, 77, 78, 79, 80, 81, 82, 83, 84, 87, 88, 89, 91, 92, 93, 94, 95, 96, 97, 98]"
141,Dequeue,31,"[63, 24, 93, 73, 44, 3, 2, 15, 27, 16, 95, 94, 37, 45]","[0, 2, 3, 4, 5, 6, 7, 8, 12, 13, 14, 15, 16, 17, 18, 19, 22, 23, 24, 26, 27, 28, 29, 31, 32, 33, 34, 35, 36, 37, 38, 40, 42, 43, 44, 45, 46, 47, 48, 51, 53, 54, 56, 57, 58, 59, 60, 61, 62, 63, 64, 66, 68, 70, 71, 72, 73, 75, 76, 77, 78, 79, 80, 81, 82, 83, 84, 87, 88, 89, 91, 92, 93, 94, 95, 96, 97, 98]"
142,Dequeue,63,"[24, 93, 73, 44, 3, 2, 15, 27, 16, 95, 94, 37, 45]","[0, 2, 3, 4, 5, 6, 7, 8, 12, 13, 14, 15, 16, 17, 18, 19, 22, 23, 24, 26, 27, 28, 29, 31, 32, 33, 34, 35, 36, 37, 38, 40, 42, 43, 44, 45, 46, 47, 48, 51, 53, 54, 56, 57, 58, 59, 60, 61, 62, 63, 64, 66, 68, 70, 71, 72, 73, 75, 76, 77, 78, 79, 80, 81, 82, 83, 84, 87, 88, 89, 91, 92, 93, 94, 95, 96, 97, 98]"
143,Dequeue,24,"[93, 73, 44, 3, 2, 15, 27, 16, 95, 94, 37, 45]","[0, 2, 3, 4, 5, 6, 7, 8, 12, 13, 14, 15, 16, 17, 18, 19, 22, 23, 24, 26, 27, 28, 29, 31, 32, 33, 34, 35, 36, 37, 38, 40, 42, 43, 44, 45, 46, 47, 48, 51, 53, 54, 56, 57, 58, 59, 60, 61, 62, 63, 64, 66, 68, 70, 71, 72, 73, 75, 76, 77, 78, 79, 80, 81, 82, 83, 84, 87, 88, 89, 91, 92, 93, 94, 95, 96, 97, 98]"
144,Dequeue,93,"[73, 44, 3, 2, 15, 27, 16, 95, 94, 37, 45]","[0, 2, 3, 4, 5, 6, 7, 8, 12, 13, 14, 15, 16, 17, 18, 19, 22, 23, 24, 26, 27, 28, 29, 31, 32, 33, 34, 35, 36, 37, 38, 40, 42, 43, 44, 45, 46, 47, 48, 51, 53, 54, 56, 57, 58, 59, 60, 61, 62, 63, 64, 66, 68, 70, 71, 72, 73, 75, 76, 77, 78, 79, 80, 81, 82, 83, 84, 87, 88, 89, 91, 92, 93, 94, 95, 96, 97, 98]"
145,Enqueue,74,"[73, 44, 3, 2, 15, 27, 16, 95, 94, 37, 45, 74]","[0, 2, 3, 4, 5, 6, 7, 8, 12, 13, 14, 15, 16, 17, 18, 19, 22, 23, 24, 26, 27, 28, 29, 31, 32, 33, 34, 35, 36, 37, 38, 40, 42, 43, 44, 45, 46, 47, 48, 51, 53, 54, 56, 57, 58, 59, 60, 61, 62, 63, 64, 66, 68, 70, 71, 72, 73, 74, 75, 76, 77, 78, 79, 80, 81, 82, 83, 84, 87, 88, 89, 91, 92, 93, 94, 95, 96, 97, 98]"
146,Enqueue,85,"[73, 44, 3, 2, 15, 27, 16, 95, 94, 37, 45, 74, 85]","[0, 2, 3, 4, 5, 6, 7, 8, 12, 13, 14, 15, 16, 17, 18, 19, 22, 23, 24, 26, 27, 28, 29, 31, 32, 33, 34, 35, 36, 37, 38, 40, 42, 43, 44, 45, 46, 47, 48, 51, 53, 54, 56, 57, 58, 59, 60, 61, 62, 63, 64, 66, 68, 70, 71, 72, 73, 74, 75, 76, 77, 78, 79, 80, 81, 82, 83, 84, 85, 87, 88, 89, 91, 92, 93, 94, 95, 96, 97, 98]"
147,Dequeue,73,"[44, 3, 2, 15, 27, 16, 95, 94, 37, 45, 74, 85]","[0, 2, 3, 4, 5, 6, 7, 8, 12, 13, 14, 15, 16, 17, 18, 19, 22, 23, 24, 26, 27, 28, 29, 31, 32, 33, 34, 35, 36, 37, 38, 40, 42, 43, 44, 45, 46, 47, 48, 51, 53, 54, 56, 57, 58, 59, 60, 61, 62, 63, 64, 66, 68, 70, 71, 72, 73, 74, 75, 76, 77, 78, 79, 80, 81, 82, 83, 84, 85, 87, 88, 89, 91, 92, 93, 94, 95, 96, 97, 98]"
148,Dequeue,44,"[3, 2, 15, 27, 16, 95, 94, 37, 45, 74, 85]","[0, 2, 3, 4, 5, 6, 7, 8, 12, 13, 14, 15, 16, 17, 18, 19, 22, 23, 24, 26, 27, 28, 29, 31, 32, 33, 34, 35, 36, 37, 38, 40, 42, 43, 44, 45, 46, 47, 48, 51, 53, 54, 56, 57, 58, 59, 60, 61, 62, 63, 64, 66, 68, 70, 71, 72, 73, 74, 75, 76, 77, 78, 79, 80, 81, 82, 83, 84, 85, 87, 88, 89, 91, 92, 93, 94, 95, 96, 97, 98]"
149,Enqueue,55,"[3, 2, 15, 27, 16, 95, 94, 37, 45, 74, 85, 55]","[0, 2, 3, 4, 5, 6, 7, 8, 12, 13, 14, 15, 16, 17, 18, 19, 22, 23, 24, 26, 27, 28, 29, 31, 32, 33, 34, 35, 36, 37, 38, 40, 42, 43, 44, 45, 46, 47, 48, 51, 53, 54, 55, 56, 57, 58, 59, 60, 61, 62, 63, 64, 66, 68, 70, 71, 72, 73, 74, 75, 76, 77, 78, 79, 80, 81, 82, 83, 84, 85, 87, 88, 89, 91, 92, 93, 94, 95, 96, 97, 98]"
150,Dequeue,3,"[2, 15, 27, 16, 95, 94, 37, 45, 74, 85, 55]","[0, 2, 3, 4, 5, 6, 7, 8, 12, 13, 14, 15, 16, 17, 18, 19, 22, 23, 24, 26, 27, 28, 29, 31, 32, 33, 34, 35, 36, 37, 38, 40, 42, 43, 44, 45, 46, 47, 48, 51, 53, 54, 55, 56, 57, 58, 59, 60, 61, 62, 63, 64, 66, 68, 70, 71, 72, 73, 74, 75, 76, 77, 78, 79, 80, 81, 82, 83, 84, 85, 87, 88, 89, 91, 92, 93, 94, 95, 96, 97, 98]"
151,Dequeue,2,"[15, 27, 16, 95, 94, 37, 45, 74, 85, 55]","[0, 2, 3, 4, 5, 6, 7, 8, 12, 13, 14, 15, 16, 17, 18, 19, 22, 23, 24, 26, 27, 28, 29, 31, 32, 33, 34, 35, 36, 37, 38, 40, 42, 43, 44, 45, 46, 47, 48, 51, 53, 54, 55, 56, 57, 58, 59, 60, 61, 62, 63, 64, 66, 68, 70, 71, 72, 73, 74, 75, 76, 77, 78, 79, 80, 81, 82, 83, 84, 85, 87, 88, 89, 91, 92, 93, 94, 95, 96, 97, 98]"
152,Dequeue,15,"[27, 16, 95, 94, 37, 45, 74, 85, 55]","[0, 2, 3, 4, 5, 6, 7, 8, 12, 13, 14, 15, 16, 17, 18, 19, 22, 23, 24, 26, 27, 28, 29, 31, 32, 33, 34, 35, 36, 37, 38, 40, 42, 43, 44, 45, 46, 47, 48, 51, 53, 54, 55, 56, 57, 58, 59, 60, 61, 62, 63, 64, 66, 68, 70, 71, 72, 73, 74, 75, 76, 77, 78, 79, 80, 81, 82, 83, 84, 85, 87, 88, 89, 91, 92, 93, 94, 95, 96, 97, 98]"
153,Enqueue,10,"[27, 16, 95, 94, 37, 45, 74, 85, 55, 10]","[0, 2, 3, 4, 5, 6, 7, 8, 10, 12, 13, 14, 15, 16, 17, 18, 19, 22, 23, 24, 26, 27, 28, 29, 31, 32, 33, 34, 35, 36, 37, 38, 40, 42, 43, 44, 45, 46, 47, 48, 51, 53, 54, 55, 56, 57, 58, 59, 60, 61, 62, 63, 64, 66, 68, 70, 71, 72, 73, 74, 75, 76, 77, 78, 79, 80, 81, 82, 83, 84, 85, 87, 88, 89, 91, 92, 93, 94, 95, 96, 97, 98]"
154,Dequeue,27,"[16, 95, 94, 37, 45, 74, 85, 55, 10]","[0, 2, 3, 4, 5, 6, 7, 8, 10, 12, 13, 14, 15, 16, 17, 18, 19, 22, 23, 24, 26, 27, 28, 29, 31, 32, 33, 34, 35, 36, 37, 38, 40, 42, 43, 44, 45, 46, 47, 48, 51, 53, 54, 55, 56, 57, 58, 59, 60, 61, 62, 63, 64, 66, 68, 70, 71, 72, 73, 74, 75, 76, 77, 78, 79, 80, 81, 82, 83, 84, 85, 87, 88, 89, 91, 92, 93, 94, 95, 96, 97, 98]"
155,Enqueue,65,"[16, 95, 94, 37, 45, 74, 85, 55, 10, 65]","[0, 2, 3, 4, 5, 6, 7, 8, 10, 12, 13, 14, 15, 16, 17, 18, 19, 22, 23, 24, 26, 27, 28, 29, 31, 32, 33, 34, 35, 36, 37, 38, 40, 42, 43, 44, 45, 46, 47, 48, 51, 53, 54, 55, 56, 57, 58, 59, 60, 61, 62, 63, 64, 65, 66, 68, 70, 71, 72, 73, 74, 75, 76, 77, 78, 79, 80, 81, 82, 83, 84, 85, 87, 88, 89, 91, 92, 93, 94, 95, 96, 97, 98]"
156,Dequeue,16,"[95, 94, 37, 45, 74, 85, 55, 10, 65]","[0, 2, 3, 4, 5, 6, 7, 8, 10, 12, 13, 14, 15, 16, 17, 18, 19, 22, 23, 24, 26, 27, 28, 29, 31, 32, 33, 34, 35, 36, 37, 38, 40, 42, 43, 44, 45, 46, 47, 48, 51, 53, 54, 55, 56, 57, 58, 59, 60, 61, 62, 63, 64, 65, 66, 68, 70, 71, 72, 73, 74, 75, 76, 77, 78, 79, 80, 81, 82, 83, 84, 85, 87, 88, 89, 91, 92, 93, 94, 95, 96, 97, 98]"
157,Dequeue,95,"[94, 37, 45, 74, 85, 55, 10, 65]","[0, 2, 3, 4, 5, 6, 7, 8, 10, 12, 13, 14, 15, 16, 17, 18, 19, 22, 23, 24, 26, 27, 28, 29, 31, 32, 33, 34, 35, 36, 37, 38, 40, 42, 43, 44, 45, 46, 47, 48, 51, 53, 54, 55, 56, 57, 58, 59, 60, 61, 62, 63, 64, 65, 66, 68, 70, 71, 72, 73, 74, 75, 76, 77, 78, 79, 80, 81, 82, 83, 84, 85, 87, 88, 89, 91, 92, 93, 94, 95, 96, 97, 98]"
158,Dequeue,94,"[37, 45, 74, 85, 55, 10, 65]","[0, 2, 3, 4, 5, 6, 7, 8, 10, 12, 13, 14, 15, 16, 17, 18, 19, 22, 23, 24, 26, 27, 28, 29, 31, 32, 33, 34, 35, 36, 37, 38, 40, 42, 43, 44, 45, 46, 47, 48, 51, 53, 54, 55, 56, 57, 58, 59, 60, 61, 62, 63, 64, 65, 66, 68, 70, 71, 72, 73, 74, 75, 76, 77, 78, 79, 80, 81, 82, 83, 84, 85, 87, 88, 89, 91, 92, 93, 94, 95, 96, 97, 98]"
159,Dequeue,37,"[45, 74, 85, 55, 10, 65]","[0, 2, 3, 4, 5, 6, 7, 8, 10, 12, 13, 14, 15, 16, 17, 18, 19, 22, 23, 24, 26, 27, 28, 29, 31, 32, 33, 34, 35, 36, 37, 38, 40, 42, 43, 44, 45, 46, 47, 48, 51, 53, 54, 55, 56, 57, 58, 59, 60, 61, 62, 63, 64, 65, 66, 68, 70, 71, 72, 73, 74, 75, 76, 77, 78, 79, 80, 81, 82, 83, 84, 85, 87, 88, 89, 91, 92, 93, 94, 95, 96, 97, 98]"
160,Dequeue,45,"[74, 85, 55, 10, 65]","[0, 2, 3, 4, 5, 6, 7, 8, 10, 12, 13, 14, 15, 16, 17, 18, 19, 22, 23, 24, 26, 27, 28, 29, 31, 32, 33, 34, 35, 36, 37, 38, 40, 42, 43, 44, 45, 46, 47, 48, 51, 53, 54, 55, 56, 57, 58, 59, 60, 61, 62, 63, 64, 65, 66, 68, 70, 71, 72, 73, 74, 75, 76, 77, 78, 79, 80, 81, 82, 83, 84, 85, 87, 88, 89, 91, 92, 93, 94, 95, 96, 97, 98]"
161,Dequeue,74,"[85, 55, 10, 65]","[0, 2, 3, 4, 5, 6, 7, 8, 10, 12, 13, 14, 15, 16, 17, 18, 19, 22, 23, 24, 26, 27, 28, 29, 31, 32, 33, 34, 35, 36, 37, 38, 40, 42, 43, 44, 45, 46, 47, 48, 51, 53, 54, 55, 56, 57, 58, 59, 60, 61, 62, 63, 64, 65, 66, 68, 70, 71, 72, 73, 74, 75, 76, 77, 78, 79, 80, 81, 82, 83, 84, 85, 87, 88, 89, 91, 92, 93, 94, 95, 96, 97, 98]"
162,Dequeue,85,"[55, 10, 65]","[0, 2, 3, 4, 5, 6, 7, 8, 10, 12, 13, 14, 15, 16, 17, 18, 19, 22, 23, 24, 26, 27, 28, 29, 31, 32, 33, 34, 35, 36, 37, 38, 40, 42, 43, 44, 45, 46, 47, 48, 51, 53, 54, 55, 56, 57, 58, 59, 60, 61, 62, 63, 64, 65, 66, 68, 70, 71, 72, 73, 74, 75, 76, 77, 78, 79, 80, 81, 82, 83, 84, 85, 87, 88, 89, 91, 92, 93, 94, 95, 96, 97, 98]"
163,Dequeue,55,"[10, 65]","[0, 2, 3, 4, 5, 6, 7, 8, 10, 12, 13, 14, 15, 16, 17, 18, 19, 22, 23, 24, 26, 27, 28, 29, 31, 32, 33, 34, 35, 36, 37, 38, 40, 42, 43, 44, 45, 46, 47, 48, 51, 53, 54, 55, 56, 57, 58, 59, 60, 61, 62, 63, 64, 65, 66, 68, 70, 71, 72, 73, 74, 75, 76, 77, 78, 79, 80, 81, 82, 83, 84, 85, 87, 88, 89, 91, 92, 93, 94, 95, 96, 97, 98]"
164,Dequeue,10,[65],"[0, 2, 3, 4, 5, 6, 7, 8, 10, 12, 13, 14, 15, 16, 17, 18, 19, 22, 23, 24, 26, 27, 28, 29, 31, 32, 33, 34, 35, 36, 37, 38, 40, 42, 43, 44, 45, 46, 47, 48, 51, 53, 54, 55, 56, 57, 58, 59, 60, 61, 62, 63, 64, 65, 66, 68, 70, 71, 72, 73, 74, 75, 76, 77, 78, 79, 80, 81, 82, 83, 84, 85, 87, 88, 89, 91, 92, 93, 94, 95, 96, 97, 98]"
165,Enqueue,52,"[65, 52]","[0, 2, 3, 4, 5, 6, 7, 8, 10, 12, 13, 14, 15, 16, 17, 18, 19, 22, 23, 24, 26, 27, 28, 29, 31, 32, 33, 34, 35, 36, 37, 38, 40, 42, 43, 44, 45, 46, 47, 48, 51, 52, 53, 54, 55, 56, 57, 58, 59, 60, 61, 62, 63, 64, 65, 66, 68, 70, 71, 72, 73, 74, 75, 76, 77, 78, 79, 80, 81, 82, 83, 84, 85, 87, 88, 89, 91, 92, 93, 94, 95, 96, 97, 98]"
166,Dequeue,65,[52],"[0, 2, 3, 4, 5, 6, 7, 8, 10, 12, 13, 14, 15, 16, 17, 18, 19, 22, 23, 24, 26, 27, 28, 29, 31, 32, 33, 34, 35, 36, 37, 38, 40, 42, 43, 44, 45, 46, 47, 48, 51, 52, 53, 54, 55, 56, 57, 58, 59, 60, 61, 62, 63, 64, 65, 66, 68, 70, 71, 72, 73, 74, 75, 76, 77, 78, 79, 80, 81, 82, 83, 84, 85, 87, 88, 89, 91, 92, 93, 94, 95, 96, 97, 98]"
167,Dequeue,52,[],"[0, 2, 3, 4, 5, 6, 7, 8, 10, 12, 13, 14, 15, 16, 17, 18, 19, 22, 23, 24, 26, 27, 28, 29, 31, 32, 33, 34, 35, 36, 37, 38, 40, 42, 43, 44, 45, 46, 47, 48, 51, 52, 53, 54, 55, 56, 57, 58, 59, 60, 61, 62, 63, 64, 65, 66, 68, 70, 71, 72, 73, 74, 75, 76, 77, 78, 79, 80, 81, 82, 83, 84, 85, 87, 88, 89, 91, 92, 93, 94, 95, 96, 97, 98]"
