Step,Action,Node,StackState,VisitedSet
0,PushStart,53,[53],[]
1,Visit,53,[],[53]
2,Push,34,[34],[53]
3,Visit,34,[],"[34, 53]"
4,Push,68,[68],"[34, 53]"
5,Push,62,"[62, 68]","[34, 53]"
6,Push,48,"[48, 62, 68]","[34, 53]"
7,Push,35,"[35, 48, 62, 68]","[34, 53]"
8,Push,92,"[92, 35, 48, 62, 68]","[34, 53]"
9,Push,29,"[29, 92, 35, 48, 62, 68]","[34, 53]"
10,Visit,29,"[92, 35, 48, 62, 68]","[34, 53, 29]"
11,Push,96,"[96, 92, 35, 48, 62, 68]","[34, 53, 29]"
12,Push,75,"[75, 96, 92, 35, 48, 62, 68]","[34, 53, 29]"
13,Push,70,"[70, 75, 96, 92, 35, 48, 62, 68]","[34, 53, 29]"
14,Visit,70,"[75, 96, 92, 35, 48, 62, 68]","[34, 53, 70, 29]"
15,Push,47,"[47, 75, 96, 92, 35, 48, 62, 68]","[34, 53, 70, 29]"
16,Visit,47,"[75, 96, 92, 35, 48, 62, 68]","[34, 53, 70, 29, 47]"
17,Push,35,"[35, 75, 96, 92, 35, 48, 62, 68]","[34, 53, 70, 29, 47]"
18,Push,31,"[31, 35, 75, 96, 92, 35, 48, 62, 68]","[34, 53, 70, 29, 47]"
19,Visit,31,"[35, 75, 96, 92, 35, 48, 62, 68]","[34, 53, 70, 29, 47, 31]"
20,Push,45,"[45, 35, 75, 96, 92, 35, 48, 62, 68]","[34, 53, 70, 29, 47, 31]"
21,Visit,45,"[35, 75, 96, 92, 35, 48, 62, 68]","[34, 53, 70, 29, 45, 47, 31]"
22,Push,89,"[89, 35, 75, 96, 92, 35, 48, 62, 68]","[34, 53, 70, 29, 45, 47, 31]"
23,Visit,89,"[35, 75, 96, 92, 35, 48, 62, 68]","[34, 53, 70, 89, 29, 45, 47, 31]"
24,Push,60,"[60, 35, 75, 96, 92, 35, 48, 62, 68]","[34, 53, 70, 89, 29, 45, 47, 31]"
25,Visit,60,"[35, 75, 96, 92, 35, 48, 62, 68]","[34, 53, 70, 89, 60, 29, 45, 47, 31]"
26,Push,32,"[32, 35, 75, 96, 92, 35, 48, 62, 68]","[34, 53, 70, 89, 60, 29, 45, 47, 31]"
27,Visit,32,"[35, 75, 96, 92, 35, 48, 62, 68]","[32, 34, 53, 70, 89, 60, 29, 45, 47, 31]"
28,Push,98,"[98, 35, 75, 96, 92, 35, 48, 62, 68]","[32, 34, 53, 70, 89, 60, 29, 45, 47, 31]"
29,Push,64,"[64, 98, 35, 75, 96, 92, 35, 48, 62, 68]","[32, 34, 53, 70, 89, 60, 29, 45, 47, 31]"
30,Push,56,"[56, 64, 98, 35, 75, 96, 92, 35, 48, 62, 68]","[32, 34, 53, 70, 89, 60, 29, 45, 47, 31]"
31,Push,33,"[33, 56, 64, 98, 35, 75, 96, 92, 35, 48, 62, 68]","[32, 34, 53, 70, 89, 60, 29, 45, 47, 31]"
32,Push,0,"[0, 33, 56, 64, 98, 35, 75, 96, 92, 35, 48, 62, 68]","[32, 34, 53, 70, 89, 60, 29, 45, 47, 31]"
33,Push,28,"[28, 0, 33, 56, 64, 98, 35, 75, 96, 92, 35, 48, 62, 68]","[32, 34, 53, 70, 89, 60, 29, 45, 47, 31]"
34,Push,4,"[4, 28, 0, 33, 56, 64, 98, 35, 75, 96, 92, 35, 48, 62, 68]","[32, 34, 53, 70, 89, 60, 29, 45, 47, 31]"
35,Visit,4,"[28, 0, 33, 56, 64, 98, 35, 75, 96, 92, 35, 48, 62, 68]","[32, 34, 4, 53, 70, 89, 60, 29, 45, 47, 31]"
36,Push,22,"[22, 28, 0, 33, 56, 64, 98, 35, 75, 96, 92, 35, 48, 62, 68]","[32, 34, 4, 53, 70, 89, 60, 29, 45, 47, 31]"
37,Push,18,"[18, 22, 28, 0, 33, 56, 64, 98, 35, 75, 96, 92, 35, 48, 62, 68]","[32, 34, 4, 53, 70, 89, 60, 29, 45, 47, 31]"
38,Visit,18,"[22, 28, 0, 33, 56, 64, 98, 35, 75, 96, 92, 35, 48, 62, 68]","[32, 34, 18, 4, 53, 70, 89, 60, 29, 45, 47, 31]"
39,Push,96,"[96, 22, 28, 0, 33, 56, 64, 98, 35, 75, 96, 92, 35, 48, 62, 68]","[32, 34, 18, 4, 53, 70, 89, 60, 29, 45, 47, 31]"
40,Visit,96,"[22, 28, 0, 33, 56, 64, 98, 35, 75, 96, 92, 35, 48, 62, 68]","[32, 96, 34, 4, 70, 45, 47, 18, 53, 89, 60, 29, 31]"
41,Push,72,"[72, 22, 28, 0, 33, 56, 64, 98, 35, 75, 96, 92, 35, 48, 62, 68]","[32, 96, 34, 4, 70, 45, 47, 18, 53, 89, 60, 29, 31]"
42,Visit,72,"[22, 28, 0, 33, 56, 64, 98, 35, 75, 96, 92, 35, 48, 62, 68]","[32, 96, 34, 4, 70, 72, 45, 47, 18, 53, 89, 60, 29, 31]"
43,Push,97,"[97, 22, 28, 0, 33, 56, 64, 98, 35, 75, 96, 92, 35, 48, 62, 68]","[32, 96, 34, 4, 70, 72, 45, 47, 18, 53, 89, 60, 29, 31]"
44,Push,43,"[43, 97, 22, 28, 0, 33, 56, 64, 98, 35, 75, 96, 92, 35, 48, 62, 68]","[32, 96, 34, 4, 70, 72, 45, 47, 18, 53, 89, 60, 29, 31]"
45,Push,6,"[6, 43, 97, 22, 28, 0, 33, 56, 64, 98, 35, 75, 96, 92, 35, 48, 62, 68]","[32, 96, 34, 4, 70, 72, 45, 47, 18, 53, 89, 60, 29, 31]"
46,Visit,6,"[43, 97, 22, 28, 0, 33, 56, 64, 98, 35, 75, 96, 92, 35, 48, 62, 68]","[32, 96, 34, 4, 70, 6, 72, 45, 47, 18, 53, 89, 60, 29, 31]"
47,Push,87,"[87, 43, 97, 22, 28, 0, 33, 56, 64, 98, 35, 75, 96, 92, 35, 48, 62, 68]","[32, 96, 34, 4, 70, 6, 72, 45, 47, 18, 53, 89, 60, 29, 31]"
48,Visit,87,"[43, 97, 22, 28, 0, 33, 56, 64, 98, 35, 75, 96, 92, 35, 48, 62, 68]","[32, 96, 34, 4, 70, 6, 72, 45, 47, 18, 53, 87, 89, 60, 29, 31]"
49,Push,14,"[14, 43, 97, 22, 28, 0, 33, 56, 64, 98, 35, 75, 96, 92, 35, 48, 62, 68]","[32, 96, 34, 4, 70, 6, 72, 45, 47, 18, 53, 87, 89, 60, 29, 31]"
50,Visit,14,"[43, 97, 22, 28, 0, 33, 56, 64, 98, 35, 75, 96, 92, 35, 48, 62, 68]","[32, 96, 34, 4, 70, 6, 72, 45, 14, 47, 18, 53, 87, 89, 60, 29, 31]"
51,Push,46,"[46, 43, 97, 22, 28, 0, 33, 56, 64, 98, 35, 75, 96, 92, 35, 48, 62, 68]","[32, 96, 34, 4, 70, 6, 72, 45, 14, 47, 18, 53, 87, 89, 60, 29, 31]"
52,Push,19,"[19, 46, 43, 97, 22, 28, 0, 33, 56, 64, 98, 35, 75, 96, 92, 35, 48, 62, 68]","[32, 96, 34, 4, 70, 6, 72, 45, 14, 47, 18, 53, 87, 89, 60, 29, 31]"
53,Push,40,"[40, 19, 46, 43, 97, 22, 28, 0, 33, 56, 64, 98, 35, 75, 96, 92, 35, 48, 62, 68]","[32, 96, 34, 4, 70, 6, 72, 45, 14, 47, 18, 53, 87, 89, 60, 29, 31]"
54,Visit,40,"[19, 46, 43, 97, 22, 28, 0, 33, 56, 64, 98, 35, 75, 96, 92, 35, 48, 62, 68]","[32, 96, 34, 4, 70, 6, 72, 40, 45, 14, 47, 18, 53, 87, 89, 60, 29, 31]"
55,Push,79,"[79, 19, 46, 43, 97, 22, 28, 0, 33, 56, 64, 98, 35, 75, 96, 92, 35, 48, 62, 68]","[32, 96, 34, 4, 70, 6, 72, 40, 45, 14, 47, 18, 53, 87, 89, 60, 29, 31]"
56,Push,59,"[59, 79, 19, 46, 43, 97, 22, 28, 0, 33, 56, 64, 98, 35, 75, 96, 92, 35, 48, 62, 68]","[32, 96, 34, 4, 70, 6, 72, 40, 45, 14, 47, 18, 53, 87, 89, 60, 29, 31]"
57,Visit,59,"[79, 19, 46, 43, 97, 22, 28, 0, 33, 56, 64, 98, 35, 75, 96, 92, 35, 48, 62, 68]","[32, 96, 34, 4, 70, 6, 72, 40, 45, 14, 47, 18, 53, 87, 89, 59, 60, 29, 31]"
58,Push,51,"[51, 79, 19, 46, 43, 97, 22, 28, 0, 33, 56, 64, 98, 35, 75, 96, 92, 35, 48, 62, 68]","[32, 96, 34, 4, 70, 6, 72, 40, 45, 14, 47, 18, 53, 87, 89, 59, 60, 29, 31]"
59,Visit,51,"[79, 19, 46, 43, 97, 22, 28, 0, 33, 56, 64, 98, 35, 75, 96, 92, 35, 48, 62, 68]","[32, 96, 34, 4, 70, 6, 72, 40, 45, 14, 47, 18, 51, 53, 87, 89, 59, 60, 29, 31]"
60,Visit,79,"[19, 46, 43, 97, 22, 28, 0, 33, 56, 64, 98, 35, 75, 96, 92, 35, 48, 62, 68]","[32, 96, 34, 4, 70, 6, 72, 40, 45, 14, 47, 79, 18, 51, 53, 87, 89, 59, 60, 29, 31]"
61,Push,82,"[82, 19, 46, 43, 97, 22, 28, 0, 33, 56, 64, 98, 35, 75, 96, 92, 35, 48, 62, 68]","[32, 96, 34, 4, 70, 6, 72, 40, 45, 14, 47, 79, 18, 51, 53, 87, 89, 59, 60, 29, 31]"
62,Push,98,"[98, 82, 19, 46, 43, 97, 22, 28, 0, 33, 56, 64, 98, 35, 75, 96, 92, 35, 48, 62, 68]","[32, 96, 34, 4, 70, 6, 72, 40, 45, 14, 47, 79, 18, 51, 53, 87, 89, 59, 60, 29, 31]"
63,Push,54,"[54, 98, 82, 19, 46, 43, 97, 22, 28, 0, 33, 56, 64, 98, 35, 75, 96, 92, 35, 48, 62, 68]","[32, 96, 34, 4, 70, 6, 72, 40, 45, 14, 47, 79, 18, 51, 53, 87, 89, 59, 60, 29, 31]"
64,Push,17,"[17, 54, 98, 82, 19, 46, 43, 97, 22, 28, 0, 33, 56, 64, 98, 35, 75, 96, 92, 35, 48, 62, 68]","[32, 96, 34, 4, 70, 6, 72, 40, 45, 14, 47, 79, 18, 51, 53, 87, 89, 59, 60, 29, 31]"
65,Push,7,"[7, 17, 54, 98, 82, 19, 46, 43, 97, 22, 28, 0, 33, 56, 64, 98, 35, 75, 96, 92, 35, 48, 62, 68]","[32, 96, 34, 4, 70, 6, 72, 40, 45, 14, 47, 79, 18, 51, 53, 87, 89, 59, 60, 29, 31]"
66,Visit,7,"[17, 54, 98, 82, 19, 46, 43, 97, 22, 28, 0, 33, 56, 64, 98, 35, 75, 96, 92, 35, 48, 62, 68]","[32, 96, 34, 4, 70, 6, 7, 72, 40, 45, 14, 47, 79, 18, 51, 53, 87, 89, 59, 60, 29, 31]"
67,Push,97,"[97, 17, 54, 98, 82, 19, 46, 43, 97, 22, 28, 0, 33, 56, 64, 98, 35, 75, 96, 92, 35, 48, 62, 68]","[32, 96, 34, 4, 70, 6, 7, 72, 40, 45, 14, 47, 79, 18, 51, 53, 87, 89, 59, 60, 29, 31]"
68,Push,75,"[75, 97, 17, 54, 98, 82, 19, 46, 43, 97, 22, 28, 0, 33, 56, 64, 98, 35, 75, 96, 92, 35, 48, 62, 68]","[32, 96, 34, 4, 70, 6, 7, 72, 40, 45, 14, 47, 79, 18, 51, 53, 87, 89, 59, 60, 29, 31]"
69,Push,26,"[26, 75, 97, 17, 54, 98, 82, 19, 46, 43, 97, 22, 28, 0, 33, 56, 64, 98, 35, 75, 96, 92, 35, 48, 62, 68]","[32, 96, 34, 4, 70, 6, 7, 72, 40, 45, 14, 47, 79, 18, 51, 53, 87, 89, 59, 60, 29, 31]"
70,Visit,26,"[75, 97, 17, 54, 98, 82, 19, 46, 43, 97, 22, 28, 0, 33, 56, 64, 98, 35, 75, 96, 92, 35, 48, 62, 68]","[32, 96, 34, 4, 70, 6, 7, 72, 40, 45, 14, 47, 79, 18, 51, 53, 87, 89, 26, 59, 60, 29, 31]"
71,Push,91,"[91, 75, 97, 17, 54, 98, 82, 19, 46, 43, 97, 22, 28, 0, 33, 56, 64, 98, 35, 75, 96, 92, 35, 48, 62, 68]","[32, 96, 34, 4, 70, 6, 7, 72, 40, 45, 14, 47, 79, 18, 51, 53, 87, 89, 26, 59, 60, 29, 31]"
72,Push,76,"[76, 91, 75, 97, 17, 54, 98, 82, 19, 46, 43, 97, 22, 28, 0, 33, 56, 64, 98, 35, 75, 96, 92, 35, 48, 62, 68]","[32, 96, 34, 4, 70, 6, 7, 72, 40, 45, 14, 47, 79, 18, 51, 53, 87, 89, 26, 59, 60, 29, 31]"
73,Push,61,"[61, 76, 91, 75, 97, 17, 54, 98, 82, 19, 46, 43, 97, 22, 28, 0, 33, 56, 64, 98, 35, 75, 96, 92, 35, 48, 62, 68]","[32, 96, 34, 4, 70, 6, 7, 72, 40, 45, 14, 47, 79, 18, 51, 53, 87, 89, 26, 59, 60, 29, 31]"
74,Visit,61,"[76, 91, 75, 97, 17, 54, 98, 82, 19, 46, 43, 97, 22, 28, 0, 33, 56, 64, 98, 35, 75, 96, 92, 35, 48, 62, 68]","[32, 96, 34, 4, 70, 6, 7, 72, 40, 45, 14, 47, 79, 18, 51, 53, 87, 89, 26, 59, 60, 29, 61, 31]"
75,Push,91,"[91, 76, 91, 75, 97, 17, 54, 98, 82, 19, 46, 43, 97, 22, 28, 0, 33, 56, 64, 98, 35, 75, 96, 92, 35, 48, 62, 68]","[32, 96, 34, 4, 70, 6, 7, 72, 40, 45, 14, 47, 79, 18, 51, 53, 87, 89, 26, 59, 60, 29, 61, 31]"
76,Visit,91,"[76, 91, 75, 97, 17, 54, 98, 82, 19, 46, 43, 97, 22, 28, 0, 33, 56, 64, 98, 35, 75, 96, 92, 35, 48, 62, 68]","[4, 70, 6, 7, 72, 14, 79, 18, 87, 89, 26, 91, 29, 31, 32, 96, 34, 40, 45, 47, 51, 53, 59, 60, 61]"
77,Visit,76,"[91, 75, 97, 17, 54, 98, 82, 19, 46, 43, 97, 22, 28, 0, 33, 56, 64, 98, 35, 75, 96, 92, 35, 48, 62, 68]","[4, 70, 6, 7, 72, 76, 14, 79, 18, 87, 89, 26, 91, 29, 31, 32, 96, 34, 40, 45, 47, 51, 53, 59, 60, 61]"
78,Push,54,"[54, 91, 75, 97, 17, 54, 98, 82, 19, 46, 43, 97, 22, 28, 0, 33, 56, 64, 98, 35, 75, 96, 92, 35, 48, 62, 68]","[4, 70, 6, 7, 72, 76, 14, 79, 18, 87, 89, 26, 91, 29, 31, 32, 96, 34, 40, 45, 47, 51, 53, 59, 60, 61]"
79,Push,42,"[42, 54, 91, 75, 97, 17, 54, 98, 82, 19, 46, 43, 97, 22, 28, 0, 33, 56, 64, 98, 35, 75, 96, 92, 35, 48, 62, 68]","[4, 70, 6, 7, 72, 76, 14, 79, 18, 87, 89, 26, 91, 29, 31, 32, 96, 34, 40, 45, 47, 51, 53, 59, 60, 61]"
80,Visit,42,"[54, 91, 75, 97, 17, 54, 98, 82, 19, 46, 43, 97, 22, 28, 0, 33, 56, 64, 98, 35, 75, 96, 92, 35, 48, 62, 68]","[4, 70, 6, 7, 72, 76, 14, 79, 18, 87, 89, 26, 91, 29, 31, 32, 96, 34, 40, 42, 45, 47, 51, 53, 59, 60, 61]"
81,Push,81,"[81, 54, 91, 75, 97, 17, 54, 98, 82, 19, 46, 43, 97, 22, 28, 0, 33, 56, 64, 98, 35, 75, 96, 92, 35, 48, 62, 68]","[4, 70, 6, 7, 72, 76, 14, 79, 18, 87, 89, 26, 91, 29, 31, 32, 96, 34, 40, 42, 45, 47, 51, 53, 59, 60, 61]"
82,Push,36,"[36, 81, 54, 91, 75, 97, 17, 54, 98, 82, 19, 46, 43, 97, 22, 28, 0, 33, 56, 64, 98, 35, 75, 96, 92, 35, 48, 62, 68]","[4, 70, 6, 7, 72, 76, 14, 79, 18, 87, 89, 26, 91, 29, 31, 32, 96, 34, 40, 42, 45, 47, 51, 53, 59, 60, 61]"
83,Push,8,"[8, 36, 81, 54, 91, 75, 97, 17, 54, 98, 82, 19, 46, 43, 97, 22, 28, 0, 33, 56, 64, 98, 35, 75, 96, 92, 35, 48, 62, 68]","[4, 70, 6, 7, 72, 76, 14, 79, 18, 87, 89, 26, 91, 29, 31, 32, 96, 34, 40, 42, 45, 47, 51, 53, 59, 60, 61]"
84,Visit,8,"[36, 81, 54, 91, 75, 97, 17, 54, 98, 82, 19, 46, 43, 97, 22, 28, 0, 33, 56, 64, 98, 35, 75, 96, 92, 35, 48, 62, 68]","[4, 70, 6, 7, 72, 8, 76, 14, 79, 18, 87, 89, 26, 91, 29, 31, 32, 96, 34, 40, 42, 45, 47, 51, 53, 59, 60, 61]"
85,Push,38,"[38, 36, 81, 54, 91, 75, 97, 17, 54, 98, 82, 19, 46, 43, 97, 22, 28, 0, 33, 56, 64, 98, 35, 75, 96, 92, 35, 48, 62, 68]","[4, 70, 6, 7, 72, 8, 76, 14, 79, 18, 87, 89, 26, 91, 29, 31, 32, 96, 34, 40, 42, 45, 47, 51, 53, 59, 60, 61]"
86,Push,13,"[13, 38, 36, 81, 54, 91, 75, 97, 17, 54, 98, 82, 19, 46, 43, 97, 22, 28, 0, 33, 56, 64, 98, 35, 75, 96, 92, 35, 48, 62, 68]","[4, 70, 6, 7, 72, 8, 76, 14, 79, 18, 87, 89, 26, 91, 29, 31, 32, 96, 34, 40, 42, 45, 47, 51, 53, 59, 60, 61]"
87,Push,5,"[5, 13, 38, 36, 81, 54, 91, 75, 97, 17, 54, 98, 82, 19, 46, 43, 97, 22, 28, 0, 33, 56, 64, 98, 35, 75, 96, 92, 35, 48, 62, 68]","[4, 70, 6, 7, 72, 8, 76, 14, 79, 18, 87, 89, 26, 91, 29, 31, 32, 96, 34, 40, 42, 45, 47, 51, 53, 59, 60, 61]"
88,Visit,5,"[13, 38, 36, 81, 54, 91, 75, 97, 17, 54, 98, 82, 19, 46, 43, 97, 22, 28, 0, 33, 56, 64, 98, 35, 75, 96, 92, 35, 48, 62, 68]","[4, 5, 70, 6, 7, 72, 8, 76, 14, 79, 18, 87, 89, 26, 91, 29, 31, 32, 96, 34, 40, 42, 45, 47, 51, 53, 59, 60, 61]"
89,Push,64,"[64, 13, 38, 36, 81, 54, 91, 75, 97, 17, 54, 98, 82, 19, 46, 43, 97, 22, 28, 0, 33, 56, 64, 98, 35, 75, 96, 92, 35, 48, 62, 68]","[4, 5, 70, 6, 7, 72, 8, 76, 14, 79, 18, 87, 89, 26, 91, 29, 31, 32, 96, 34, 40, 42, 45, 47, 51, 53, 59, 60, 61]"
90,Push,77,"[77, 64, 13, 38, 36, 81, 54, 91, 75, 97, 17, 54, 98, 82, 19, 46, 43, 97, 22, 28, 0, 33, 56, 64, 98, 35, 75, 96, 92, 35, 48, 62, 68]","[4, 5, 70, 6, 7, 72, 8, 76, 14, 79, 18, 87, 89, 26, 91, 29, 31, 32, 96, 34, 40, 42, 45, 47, 51, 53, 59, 60, 61]"
91,Visit,77,"[64, 13, 38, 36, 81, 54, 91, 75, 97, 17, 54, 98, 82, 19, 46, 43, 97, 22, 28, 0, 33, 56, 64, 98, 35, 75, 96, 92, 35, 48, 62, 68]","[4, 5, 70, 6, 7, 72, 8, 76, 77, 14, 79, 18, 87, 89, 26, 91, 29, 31, 32, 96, 34, 40, 42, 45, 47, 51, 53, 59, 60, 61]"
92,Push,44,"[44, 64, 13, 38, 36, 81, 54, 91, 75, 97, 17, 54, 98, 82, 19, 46, 43, 97, 22, 28, 0, 33, 56, 64, 98, 35, 75, 96, 92, 35, 48, 62, 68]","[4, 5, 70, 6, 7, 72, 8, 76, 77, 14, 79, 18, 87, 89, 26, 91, 29, 31, 32, 96, 34, 40, 42, 45, 47, 51, 53, 59, 60, 61]"
93,Push,44,"[44, 44, 64, 13, 38, 36, 81, 54, 91, 75, 97, 17, 54, 98, 82, 19, 46, 43, 97, 22, 28, 0, 33, 56, 64, 98, 35, 75, 96, 92, 35, 48, 62, 68]","[4, 5, 70, 6, 7, 72, 8, 76, 77, 14, 79, 18, 87, 89, 26, 91, 29, 31, 32, 96, 34, 40, 42, 45, 47, 51, 53, 59, 60, 61]"
94,Visit,44,"[44, 64, 13, 38, 36, 81, 54, 91, 75, 97, 17, 54, 98, 82, 19, 46, 43, 97, 22, 28, 0, 33, 56, 64, 98, 35, 75, 96, 92, 35, 48, 62, 68]","[4, 5, 70, 6, 7, 72, 8, 76, 77, 14, 79, 18, 87, 89, 26, 91, 29, 31, 32, 96, 34, 40, 42, 44, 45, 47, 51, 53, 59, 60, 61]"
95,Push,55,"[55, 44, 64, 13, 38, 36, 81, 54, 91, 75, 97, 17, 54, 98, 82, 19, 46, 43, 97, 22, 28, 0, 33, 56, 64, 98, 35, 75, 96, 92, 35, 48, 62, 68]","[4, 5, 70, 6, 7, 72, 8, 76, 77, 14, 79, 18, 87, 89, 26, 91, 29, 31, 32, 96, 34, 40, 42, 44, 45, 47, 51, 53, 59, 60, 61]"
96,Push,88,"[88, 55, 44, 64, 13, 38, 36, 81, 54, 91, 75, 97, 17, 54, 98, 82, 19, 46, 43, 97, 22, 28, 0, 33, 56, 64, 98, 35, 75, 96, 92, 35, 48, 62, 68]","[4, 5, 70, 6, 7, 72, 8, 76, 77, 14, 79, 18, 87, 89, 26, 91, 29, 31, 32, 96, 34, 40, 42, 44, 45, 47, 51, 53, 59, 60, 61]"
97,Visit,88,"[55, 44, 64, 13, 38, 36, 81, 54, 91, 75, 97, 17, 54, 98, 82, 19, 46, 43, 97, 22, 28, 0, 33, 56, 64, 98, 35, 75, 96, 92, 35, 48, 62, 68]","[4, 5, 70, 6, 7, 72, 8, 76, 77, 14, 79, 18, 87, 88, 89, 26, 91, 29, 31, 32, 96, 34, 40, 42, 44, 45, 47, 51, 53, 59, 60, 61]"
98,Push,28,"[28, 55, 44, 64, 13, 38, 36, 81, 54, 91, 75, 97, 17, 54, 98, 82, 19, 46, 43, 97, 22, 28, 0, 33, 56, 64, 98, 35, 75, 96, 92, 35, 48, 62, 68]","[4, 5, 70, 6, 7, 72, 8, 76, 77, 14, 79, 18, 87, 88, 89, 26, 91, 29, 31, 32, 96, 34, 40, 42, 44, 45, 47, 51, 53, 59, 60, 61]"
99,Push,13,"[13, 28, 55, 44, 64, 13, 38, 36, 81, 54, 91, 75, 97, 17, 54, 98, 82, 19, 46, 43, 97, 22, 28, 0, 33, 56, 64, 98, 35, 75, 96, 92, 35, 48, 62, 68]","[4, 5, 70, 6, 7, 72, 8, 76, 77, 14, 79, 18, 87, 88, 89, 26, 91, 29, 31, 32, 96, 34, 40, 42, 44, 45, 47, 51, 53, 59, 60, 61]"
100,Visit,13,"[28, 55, 44, 64, 13, 38, 36, 81, 54, 91, 75, 97, 17, 54, 98, 82, 19, 46, 43, 97, 22, 28, 0, 33, 56, 64, 98, 35, 75, 96, 92, 35, 48, 62, 68]","[4, 5, 70, 6, 7, 72, 8, 76, 77, 13, 14, 79, 18, 87, 88, 89, 26, 91, 29, 31, 32, 96, 34, 40, 42, 44, 45, 47, 51, 53, 59, 60, 61]"
101,Push,66,"[66, 28, 55, 44, 64, 13, 38, 36, 81, 54, 91, 75, 97, 17, 54, 98, 82, 19, 46, 43, 97, 22, 28, 0, 33, 56, 64, 98, 35, 75, 96, 92, 35, 48, 62, 68]","[4, 5, 70, 6, 7, 72, 8, 76, 77, 13, 14, 79, 18, 87, 88, 89, 26, 91, 29, 31, 32, 96, 34, 40, 42, 44, 45, 47, 51, 53, 59, 60, 61]"
102,Visit,66,"[28, 55, 44, 64, 13, 38, 36, 81, 54, 91, 75, 97, 17, 54, 98, 82, 19, 46, 43, 97, 22, 28, 0, 33, 56, 64, 98, 35, 75, 96, 92, 35, 48, 62, 68]","[66, 4, 5, 70, 6, 7, 72, 8, 76, 77, 13, 14, 79, 18, 87, 88, 89, 26, 91, 29, 31, 32, 96, 34, 40, 42, 44, 45, 47, 51, 53, 59, 60, 61]"
103,Push,2,"[2, 28, 55, 44, 64, 13, 38, 36, 81, 54, 91, 75, 97, 17, 54, 98, 82, 19, 46, 43, 97, 22, 28, 0, 33, 56, 64, 98, 35, 75, 96, 92, 35, 48, 62, 68]","[66, 4, 5, 70, 6, 7, 72, 8, 76, 77, 13, 14, 79, 18, 87, 88, 89, 26, 91, 29, 31, 32, 96, 34, 40, 42, 44, 45, 47, 51, 53, 59, 60, 61]"
104,Push,57,"[57, 2, 28, 55, 44, 64, 13, 38, 36, 81, 54, 91, 75, 97, 17, 54, 98, 82, 19, 46, 43, 97, 22, 28, 0, 33, 56, 64, 98, 35, 75, 96, 92, 35, 48, 62, 68]","[66, 4, 5, 70, 6, 7, 72, 8, 76, 77, 13, 14, 79, 18, 87, 88, 89, 26, 91, 29, 31, 32, 96, 34, 40, 42, 44, 45, 47, 51, 53, 59, 60, 61]"
105,Push,3,"[3, 57, 2, 28, 55, 44, 64, 13, 38, 36, 81, 54, 91, 75, 97, 17, 54, 98, 82, 19, 46, 43, 97, 22, 28, 0, 33, 56, 64, 98, 35, 75, 96, 92, 35, 48, 62, 68]","[66, 4, 5, 70, 6, 7, 72, 8, 76, 77, 13, 14, 79, 18, 87, 88, 89, 26, 91, 29, 31, 32, 96, 34, 40, 42, 44, 45, 47, 51, 53, 59, 60, 61]"
106,Visit,3,"[57, 2, 28, 55, 44, 64, 13, 38, 36, 81, 54, 91, 75, 97, 17, 54, 98, 82, 19, 46, 43, 97, 22, 28, 0, 33, 56, 64, 98, 35, 75, 96, 92, 35, 48, 62, 68]","[66, 3, 4, 5, 70, 6, 7, 72, 8, 76, 77, 13, 14, 79, 18, 87, 88, 89, 26, 91, 29, 31, 32, 96, 34, 40, 42, 44, 45, 47, 51, 53, 59, 60, 61]"
107,Push,85,"[85, 57, 2, 28, 55, 44, 64, 13, 38, 36, 81, 54, 91, 75, 97, 17, 54, 98, 82, 19, 46, 43, 97, 22, 28, 0, 33, 56, 64, 98, 35, 75, 96, 92, 35, 48, 62, 68]","[66, 3, 4, 5, 70, 6, 7, 72, 8, 76, 77, 13, 14, 79, 18, 87, 88, 89, 26, 91, 29, 31, 32, 96, 34, 40, 42, 44, 45, 47, 51, 53, 59, 60, 61]"
108,Visit,85,"[57, 2, 28, 55, 44, 64, 13, 38, 36, 81, 54, 91, 75, 97, 17, 54, 98, 82, 19, 46, 43, 97, 22, 28, 0, 33, 56, 64, 98, 35, 75, 96, 92, 35, 48, 62, 68]","[66, 3, 4, 5, 70, 6, 7, 72, 8, 76, 77, 13, 14, 79, 18, 85, 87, 88, 89, 26, 91, 29, 31, 32, 96, 34, 40, 42, 44, 45, 47, 51, 53, 59, 60, 61]"
109,Push,93,"[93, 57, 2, 28, 55, 44, 64, 13, 38, 36, 81, 54, 91, 75, 97, 17, 54, 98, 82, 19, 46, 43, 97, 22, 28, 0, 33, 56, 64, 98, 35, 75, 96, 92, 35, 48, 62, 68]","[66, 3, 4, 5, 70, 6, 7, 72, 8, 76, 77, 13, 14, 79, 18, 85, 87, 88, 89, 26, 91, 29, 31, 32, 96, 34, 40, 42, 44, 45, 47, 51, 53, 59, 60, 61]"
110,Visit,93,"[57, 2, 28, 55, 44, 64, 13, 38, 36, 81, 54, 91, 75, 97, 17, 54, 98, 82, 19, 46, 43, 97, 22, 28, 0, 33, 56, 64, 98, 35, 75, 96, 92, 35, 48, 62, 68]","[66, 3, 4, 5, 70, 6, 7, 72, 8, 76, 77, 13, 14, 79, 18, 85, 87, 88, 89, 26, 91, 29, 93, 31, 32, 96, 34, 40, 42, 44, 45, 47, 51, 53, 59, 60, 61]"
111,Push,62,"[62, 57, 2, 28, 55, 44, 64, 13, 38, 36, 81, 54, 91, 75, 97, 17, 54, 98, 82, 19, 46, 43, 97, 22, 28, 0, 33, 56, 64, 98, 35, 75, 96, 92, 35, 48, 62, 68]","[66, 3, 4, 5, 70, 6, 7, 72, 8, 76, 77, 13, 14, 79, 18, 85, 87, 88, 89, 26, 91, 29, 93, 31, 32, 96, 34, 40, 42, 44, 45, 47, 51, 53, 59, 60, 61]"
112,Push,74,"[74, 62, 57, 2, 28, 55, 44, 64, 13, 38, 36, 81, 54, 91, 75, 97, 17, 54, 98, 82, 19, 46, 43, 97, 22, 28, 0, 33, 56, 64, 98, 35, 75, 96, 92, 35, 48, 62, 68]","[66, 3, 4, 5, 70, 6, 7, 72, 8, 76, 77, 13, 14, 79, 18, 85, 87, 88, 89, 26, 91, 29, 93, 31, 32, 96, 34, 40, 42, 44, 45, 47, 51, 53, 59, 60, 61]"
113,Push,71,"[71, 74, 62, 57, 2, 28, 55, 44, 64, 13, 38, 36, 81, 54, 91, 75, 97, 17, 54, 98, 82, 19, 46, 43, 97, 22, 28, 0, 33, 56, 64, 98, 35, 75, 96, 92, 35, 48, 62, 68]","[66, 3, 4, 5, 70, 6, 7, 72, 8, 76, 77, 13, 14, 79, 18, 85, 87, 88, 89, 26, 91, 29, 93, 31, 32, 96, 34, 40, 42, 44, 45, 47, 51, 53, 59, 60, 61]"
114,Visit,71,"[74, 62, 57, 2, 28, 55, 44, 64, 13, 38, 36, 81, 54, 91, 75, 97, 17, 54, 98, 82, 19, 46, 43, 97, 22, 28, 0, 33, 56, 64, 98, 35, 75, 96, 92, 35, 48, 62, 68]","[66, 3, 4, 5, 70, 6, 7, 71, 72, 8, 76, 77, 13, 14, 79, 18, 85, 87, 88, 89, 26, 91, 29, 93, 31, 32, 96, 34, 40, 42, 44, 45, 47, 51, 53, 59, 60, 61]"
115,Push,28,"[28, 74, 62, 57, 2, 28, 55, 44, 64, 13, 38, 36, 81, 54, 91, 75, 97, 17, 54, 98, 82, 19, 46, 43, 97, 22, 28, 0, 33, 56, 64, 98, 35, 75, 96, 92, 35, 48, 62, 68]","[66, 3, 4, 5, 70, 6, 7, 71, 72, 8, 76, 77, 13, 14, 79, 18, 85, 87, 88, 89, 26, 91, 29, 93, 31, 32, 96, 34, 40, 42, 44, 45, 47, 51, 53, 59, 60, 61]"
116,Push,2,"[2, 28, 74, 62, 57, 2, 28, 55, 44, 64, 13, 38, 36, 81, 54, 91, 75, 97, 17, 54, 98, 82, 19, 46, 43, 97, 22, 28, 0, 33, 56, 64, 98, 35, 75, 96, 92, 35, 48, 62, 68]","[66, 3, 4, 5, 70, 6, 7, 71, 72, 8, 76, 77, 13, 14, 79, 18, 85, 87, 88, 89, 26, 91, 29, 93, 31, 32, 96, 34, 40, 42, 44, 45, 47, 51, 53, 59, 60, 61]"
117,Visit,2,"[28, 74, 62, 57, 2, 28, 55, 44, 64, 13, 38, 36, 81, 54, 91, 75, 97, 17, 54, 98, 82, 19, 46, 43, 97, 22, 28, 0, 33, 56, 64, 98, 35, 75, 96, 92, 35, 48, 62, 68]","[66, 2, 3, 4, 5, 70, 6, 7, 71, 72, 8, 76, 77, 13, 14, 79, 18, 85, 87, 88, 89, 26, 91, 29, 93, 31, 32, 96, 34, 40, 42, 44, 45, 47, 51, 53, 59, 60, 61]"
118,Visit,28,"[74, 62, 57, 2, 28, 55, 44, 64, 13, 38, 36, 81, 54, 91, 75, 97, 17, 54, 98, 82, 19, 46, 43, 97, 22, 28, 0, 33, 56, 64, 98, 35, 75, 96, 92, 35, 48, 62, 68]","[66, 2, 3, 4, 5, 70, 6, 7, 71, 72, 8, 76, 77, 13, 14, 79, 18, 85, 87, 88, 89, 26, 91, 28, 29, 93, 31, 32, 96, 34, 40, 42, 44, 45, 47, 51, 53, 59, 60, 61]"
119,Push,68,"[68, 74, 62, 57, 2, 28, 55, 44, 64, 13, 38, 36, 81, 54, 91, 75, 97, 17, 54, 98, 82, 19, 46, 43, 97, 22, 28, 0, 33, 56, 64, 98, 35, 75, 96, 92, 35, 48, 62, 68]","[66, 2, 3, 4, 5, 70, 6, 7, 71, 72, 8, 76, 77, 13, 14, 79, 18, 85, 87, 88, 89, 26, 91, 28, 29, 93, 31, 32, 96, 34, 40, 42, 44, 45, 47, 51, 53, 59, 60, 61]"
120,Visit,68,"[74, 62, 57, 2, 28, 55, 44, 64, 13, 38, 36, 81, 54, 91, 75, 97, 17, 54, 98, 82, 19, 46, 43, 97, 22, 28, 0, 33, 56, 64, 98, 35, 75, 96, 92, 35, 48, 62, 68]","[66, 2, 3, 4, 68, 5, 70, 6, 7, 71, 72, 8, 76, 77, 13, 14, 79, 18, 85, 87, 88, 89, 26, 91, 28, 29, 93, 31, 32, 96, 34, 40, 42, 44, 45, 47, 51, 53, 59, 60, 61]"
121,Push,78,"[78, 74, 62, 57, 2, 28, 55, 44, 64, 13, 38, 36, 81, 54, 91, 75, 97, 17, 54, 98, 82, 19, 46, 43, 97, 22, 28, 0, 33, 56, 64, 98, 35, 75, 96, 92, 35, 48, 62, 68]","[66, 2, 3, 4, 68, 5, 70, 6, 7, 71, 72, 8, 76, 77, 13, 14, 79, 18, 85, 87, 88, 89, 26, 91, 28, 29, 93, 31, 32, 96, 34, 40, 42, 44, 45, 47, 51, 53, 59, 60, 61]"
122,Push,73,"[73, 78, 74, 62, 57, 2, 28, 55, 44, 64, 13, 38, 36, 81, 54, 91, 75, 97, 17, 54, 98, 82, 19, 46, 43, 97, 22, 28, 0, 33, 56, 64, 98, 35, 75, 96, 92, 35, 48, 62, 68]","[66, 2, 3, 4, 68, 5, 70, 6, 7, 71, 72, 8, 76, 77, 13, 14, 79, 18, 85, 87, 88, 89, 26, 91, 28, 29, 93, 31, 32, 96, 34, 40, 42, 44, 45, 47, 51, 53, 59, 60, 61]"
123,Push,35,"[35, 73, 78, 74, 62, 57, 2, 28, 55, 44, 64, 13, 38, 36, 81, 54, 91, 75, 97, 17, 54, 98, 82, 19, 46, 43, 97, 22, 28, 0, 33, 56, 64, 98, 35, 75, 96, 92, 35, 48, 62, 68]","[66, 2, 3, 4, 68, 5, 70, 6, 7, 71, 72, 8, 76, 77, 13, 14, 79, 18, 85, 87, 88, 89, 26, 91, 28, 29, 93, 31, 32, 96, 34, 40, 42, 44, 45, 47, 51, 53, 59, 60, 61]"
124,Visit,35,"[73, 78, 74, 62, 57, 2, 28, 55, 44, 64, 13, 38, 36, 81, 54, 91, 75, 97, 17, 54, 98, 82, 19, 46, 43, 97, 22, 28, 0, 33, 56, 64, 98, 35, 75, 96, 92, 35, 48, 62, 68]","[66, 2, 3, 4, 68, 5, 70, 6, 7, 71, 72, 8, 76, 77, 13, 14, 79, 18, 85, 87, 88, 89, 26, 91, 28, 29, 93, 31, 32, 96, 34, 35, 40, 42, 44, 45, 47, 51, 53, 59, 60, 61]"
125,Push,63,"[63, 73, 78, 74, 62, 57, 2, 28, 55, 44, 64, 13, 38, 36, 81, 54, 91, 75, 97, 17, 54, 98, 82, 19, 46, 43, 97, 22, 28, 0, 33, 56, 64, 98, 35, 75, 96, 92, 35, 48, 62, 68]","[66, 2, 3, 4, 68, 5, 70, 6, 7, 71, 72, 8, 76, 77, 13, 14, 79, 18, 85, 87, 88, 89, 26, 91, 28, 29, 93, 31, 32, 96, 34, 35, 40, 42, 44, 45, 47, 51, 53, 59, 60, 61]"
126,Visit,63,"[73, 78, 74, 62, 57, 2, 28, 55, 44, 64, 13, 38, 36, 81, 54, 91, 75, 97, 17, 54, 98, 82, 19, 46, 43, 97, 22, 28, 0, 33, 56, 64, 98, 35, 75, 96, 92, 35, 48, 62, 68]","[66, 2, 3, 4, 68, 5, 70, 6, 7, 71, 72, 8, 76, 77, 13, 14, 79, 18, 85, 87, 88, 89, 26, 91, 28, 29, 93, 31, 32, 96, 34, 35, 40, 42, 44, 45, 47, 51, 53, 59, 60, 61, 63]"
127,Visit,73,"[78, 74, 62, 57, 2, 28, 55, 44, 64, 13, 38, 36, 81, 54, 91, 75, 97, 17, 54, 98, 82, 19, 46, 43, 97, 22, 28, 0, 33, 56, 64, 98, 35, 75, 96, 92, 35, 48, 62, 68]","[66, 2, 3, 4, 68, 5, 70, 6, 7, 71, 72, 8, 73, 76, 77, 13, 14, 79, 18, 85, 87, 88, 89, 26, 91, 28, 29, 93, 31, 32, 96, 34, 35, 40, 42, 44, 45, 47, 51, 53, 59, 60, 61, 63]"
128,Visit,78,"[74, 62, 57, 2, 28, 55, 44, 64, 13, 38, 36, 81, 54, 91, 75, 97, 17, 54, 98, 82, 19, 46, 43, 97, 22, 28, 0, 33, 56, 64, 98, 35, 75, 96, 92, 35, 48, 62, 68]","[66, 2, 3, 4, 68, 5, 70, 6, 7, 71, 72, 8, 73, 76, 77, 13, 14, 78, 79, 18, 85, 87, 88, 89, 26, 91, 28, 29, 93, 31, 32, 96, 34, 35, 40, 42, 44, 45, 47, 51, 53, 59, 60, 61, 63]"
129,Push,94,"[94, 74, 62, 57, 2, 28, 55, 44, 64, 13, 38, 36, 81, 54, 91, 75, 97, 17, 54, 98, 82, 19, 46, 43, 97, 22, 28, 0, 33, 56, 64, 98, 35, 75, 96, 92, 35, 48, 62, 68]","[66, 2, 3, 4, 68, 5, 70, 6, 7, 71, 72, 8, 73, 76, 77, 13, 14, 78, 79, 18, 85, 87, 88, 89, 26, 91, 28, 29, 93, 31, 32, 96, 34, 35, 40, 42, 44, 45, 47, 51, 53, 59, 60, 61, 63]"
130,Push,95,"[95, 94, 74, 62, 57, 2, 28, 55, 44, 64, 13, 38, 36, 81, 54, 91, 75, 97, 17, 54, 98, 82, 19, 46, 43, 97, 22, 28, 0, 33, 56, 64, 98, 35, 75, 96, 92, 35, 48, 62, 68]","[66, 2, 3, 4, 68, 5, 70, 6, 7, 71, 72, 8, 73, 76, 77, 13, 14, 78, 79, 18, 85, 87, 88, 89, 26, 91, 28, 29, 93, 31, 32, 96, 34, 35, 40, 42, 44, 45, 47, 51, 53, 59, 60, 61, 63]"
131,Push,16,"[16, 95, 94, 74, 62, 57, 2, 28, 55, 44, 64, 13, 38, 36, 81, 54, 91, 75, 97, 17, 54, 98, 82, 19, 46, 43, 97, 22, 28, 0, 33, 56, 64, 98, 35, 75, 96, 92, 35, 48, 62, 68]","[66, 2, 3, 4, 68, 5, 70, 6, 7, 71, 72, 8, 73, 76, 77, 13, 14, 78, 79, 18, 85, 87, 88, 89, 26, 91, 28, 29, 93, 31, 32, 96, 34, 35, 40, 42, 44, 45, 47, 51, 53, 59, 60, 61, 63]"
132,Push,62,"[62, 16, 95, 94, 74, 62, 57, 2, 28, 55, 44, 64, 13, 38, 36, 81, 54, 91, 75, 97, 17, 54, 98, 82, 19, 46, 43, 97, 22, 28, 0, 33, 56, 64, 98, 35, 75, 96, 92, 35, 48, 62, 68]","[66, 2, 3, 4, 68, 5, 70, 6, 7, 71, 72, 8, 73, 76, 77, 13, 14, 78, 79, 18, 85, 87, 88, 89, 26, 91, 28, 29, 93, 31, 32, 96, 34, 35, 40, 42, 44, 45, 47, 51, 53, 59, 60, 61, 63]"
133,Push,27,"[27, 62, 16, 95, 94, 74, 62, 57, 2, 28, 55, 44, 64, 13, 38, 36, 81, 54, 91, 75, 97, 17, 54, 98, 82, 19, 46, 43, 97, 22, 28, 0, 33, 56, 64, 98, 35, 75, 96, 92, 35, 48, 62, 68]","[66, 2, 3, 4, 68, 5, 70, 6, 7, 71, 72, 8, 73, 76, 77, 13, 14, 78, 79, 18, 85, 87, 88, 89, 26, 91, 28, 29, 93, 31, 32, 96, 34, 35, 40, 42, 44, 45, 47, 51, 53, 59, 60, 61, 63]"
134,Push,15,"[15, 27, 62, 16, 95, 94, 74, 62, 57, 2, 28, 55, 44, 64, 13, 38, 36, 81, 54, 91, 75, 97, 17, 54, 98, 82, 19, 46, 43, 97, 22, 28, 0, 33, 56, 64, 98, 35, 75, 96, 92, 35, 48, 62, 68]","[66, 2, 3, 4, 68, 5, 70, 6, 7, 71, 72, 8, 73, 76, 77, 13, 14, 78, 79, 18, 85, 87, 88, 89, 26, 91, 28, 29, 93, 31, 32, 96, 34, 35, 40, 42, 44, 45, 47, 51, 53, 59, 60, 61, 63]"
135,Push,12,"[12, 15, 27, 62, 16, 95, 94, 74, 62, 57, 2, 28, 55, 44, 64, 13, 38, 36, 81, 54, 91, 75, 97, 17, 54, 98, 82, 19, 46, 43, 97, 22, 28, 0, 33, 56, 64, 98, 35, 75, 96, 92, 35, 48, 62, 68]","[66, 2, 3, 4, 68, 5, 70, 6, 7, 71, 72, 8, 73, 76, 77, 13, 14, 78, 79, 18, 85, 87, 88, 89, 26, 91, 28, 29, 93, 31, 32, 96, 34, 35, 40, 42, 44, 45, 47, 51, 53, 59, 60, 61, 63]"
136,Visit,12,"[15, 27, 62, 16, 95, 94, 74, 62, 57, 2, 28, 55, 44, 64, 13, 38, 36, 81, 54, 91, 75, 97, 17, 54, 98, 82, 19, 46, 43, 97, 22, 28, 0, 33, 56, 64, 98, 35, 75, 96, 92, 35, 48, 62, 68]","[66, 2, 3, 4, 68, 5, 70, 6, 7, 71, 72, 8, 73, 76, 12, 77, 13, 14, 78, 79, 18, 85, 87, 88, 89, 26, 91, 28, 29, 93, 31, 32, 96, 34, 35, 40, 42, 44, 45, 47, 51, 53, 59, 60, 61, 63]"
137,Push,81,"[81, 15, 27, 62, 16, 95, 94, 74, 62, 57, 2, 28, 55, 44, 64, 13, 38, 36, 81, 54, 91, 75, 97, 17, 54, 98, 82, 19, 46, 43, 97, 22, 28, 0, 33, 56, 64, 98, 35, 75, 96, 92, 35, 48, 62, 68]","[66, 2, 3, 4, 68, 5, 70, 6, 7, 71, 72, 8, 73, 76, 12, 77, 13, 14, 78, 79, 18, 85, 87, 88, 89, 26, 91, 28, 29, 93, 31, 32, 96, 34, 35, 40, 42, 44, 45, 47, 51, 53, 59, 60, 61, 63]"
138,Visit,81,"[15, 27, 62, 16, 95, 94, 74, 62, 57, 2, 28, 55, 44, 64, 13, 38, 36, 81, 54, 91, 75, 97, 17, 54, 98, 82, 19, 46, 43, 97, 22, 28, 0, 33, 56, 64, 98, 35, 75, 96, 92, 35, 48, 62, 68]","[66, 2, 3, 4, 68, 5, 70, 6, 7, 71, 72, 8, 73, 76, 12, 77, 13, 14, 78, 79, 81, 18, 85, 87, 88, 89, 26, 91, 28, 29, 93, 31, 32, 96, 34, 35, 40, 42, 44, 45, 47, 51, 53, 59, 60, 61, 63]"
139,Push,23,"[23, 15, 27, 62, 16, 95, 94, 74, 62, 57, 2, 28, 55, 44, 64, 13, 38, 36, 81, 54, 91, 75, 97, 17, 54, 98, 82, 19, 46, 43, 97, 22, 28, 0, 33, 56, 64, 98, 35, 75, 96, 92, 35, 48, 62, 68]","[66, 2, 3, 4, 68, 5, 70, 6, 7, 71, 72, 8, 73, 76, 12, 77, 13, 14, 78, 79, 81, 18, 85, 87, 88, 89, 26, 91, 28, 29, 93, 31, 32, 96, 34, 35, 40, 42, 44, 45, 47, 51, 53, 59, 60, 61, 63]"
140,Push,58,"[58, 23, 15, 27, 62, 16, 95, 94, 74, 62, 57, 2, 28, 55, 44, 64, 13, 38, 36, 81, 54, 91, 75, 97, 17, 54, 98, 82, 19, 46, 43, 97, 22, 28, 0, 33, 56, 64, 98, 35, 75, 96, 92, 35, 48, 62, 68]","[66, 2, 3, 4, 68, 5, 70, 6, 7, 71, 72, 8, 73, 76, 12, 77, 13, 14, 78, 79, 81, 18, 85, 87, 88, 89, 26, 91, 28, 29, 93, 31, 32, 96, 34, 35, 40, 42, 44, 45, 47, 51, 53, 59, 60, 61, 63]"
141,Push,57,"[57, 58, 23, 15, 27, 62, 16, 95, 94, 74, 62, 57, 2, 28, 55, 44, 64, 13, 38, 36, 81, 54, 91, 75, 97, 17, 54, 98, 82, 19, 46, 43, 97, 22, 28, 0, 33, 56, 64, 98, 35, 75, 96, 92, 35, 48, 62, 68]","[66, 2, 3, 4, 68, 5, 70, 6, 7, 71, 72, 8, 73, 76, 12, 77, 13, 14, 78, 79, 81, 18, 85, 87, 88, 89, 26, 91, 28, 29, 93, 31, 32, 96, 34, 35, 40, 42, 44, 45, 47, 51, 53, 59, 60, 61, 63]"
142,Visit,57,"[58, 23, 15, 27, 62, 16, 95, 94, 74, 62, 57, 2, 28, 55, 44, 64, 13, 38, 36, 81, 54, 91, 75, 97, 17, 54, 98, 82, 19, 46, 43, 97, 22, 28, 0, 33, 56, 64, 98, 35, 75, 96, 92, 35, 48, 62, 68]","[66, 2, 3, 4, 68, 5, 70, 6, 7, 71, 72, 8, 73, 76, 12, 77, 13, 14, 78, 79, 81, 18, 85, 87, 88, 89, 26, 91, 28, 29, 93, 31, 32, 96, 34, 35, 40, 42, 44, 45, 47, 51, 53, 57, 59, 60, 61, 63]"
143,Visit,58,"[23, 15, 27, 62, 16, 95, 94, 74, 62, 57, 2, 28, 55, 44, 64, 13, 38, 36, 81, 54, 91, 75, 97, 17, 54, 98, 82, 19, 46, 43, 97, 22, 28, 0, 33, 56, 64, 98, 35, 75, 96, 92, 35, 48, 62, 68]","[2, 3, 4, 5, 6, 7, 8, 12, 13, 14, 18, 26, 28, 29, 31, 32, 34, 35, 40, 42, 44, 45, 47, 51, 53, 57, 58, 59, 60, 61, 63, 66, 68, 70, 71, 72, 73, 76, 77, 78, 79, 81, 85, 87, 88, 89, 91, 93, 96]"
144,Visit,23,"[15, 27, 62, 16, 95, 94, 74, 62, 57, 2, 28, 55, 44, 64, 13, 38, 36, 81, 54, 91, 75, 97, 17, 54, 98, 82, 19, 46, 43, 97, 22, 28, 0, 33, 56, 64, 98, 35, 75, 96, 92, 35, 48, 62, 68]","[2, 3, 4, 5, 6, 7, 8, 12, 13, 14, 18, 23, 26, 28, 29, 31, 32, 34, 35, 40, 42, 44, 45, 47, 51, 53, 57, 58, 59, 60, 61, 63, 66, 68, 70, 71, 72, 73, 76, 77, 78, 79, 81, 85, 87, 88, 89, 91, 93, 96]"
145,Visit,15,"[27, 62, 16, 95, 94, 74, 62, 57, 2, 28, 55, 44, 64, 13, 38, 36, 81, 54, 91, 75, 97, 17, 54, 98, 82, 19, 46, 43, 97, 22, 28, 0, 33, 56, 64, 98, 35, 75, 96, 92, 35, 48, 62, 68]","[2, 3, 4, 5, 6, 7, 8, 12, 13, 14, 15, 18, 23, 26, 28, 29, 31, 32, 34, 35, 40, 42, 44, 45, 47, 51, 53, 57, 58, 59, 60, 61, 63, 66, 68, 70, 71, 72, 73, 76, 77, 78, 79, 81, 85, 87, 88, 89, 91, 93, 96]"
146,Push,10,"[10, 27, 62, 16, 95, 94, 74, 62, 57, 2, 28, 55, 44, 64, 13, 38, 36, 81, 54, 91, 75, 97, 17, 54, 98, 82, 19, 46, 43, 97, 22, 28, 0, 33, 56, 64, 98, 35, 75, 96, 92, 35, 48, 62, 68]","[2, 3, 4, 5, 6, 7, 8, 12, 13, 14, 15, 18, 23, 26, 28, 29, 31, 32, 34, 35, 40, 42, 44, 45, 47, 51, 53, 57, 58, 59, 60, 61, 63, 66, 68, 70, 71, 72, 73, 76, 77, 78, 79, 81, 85, 87, 88, 89, 91, 93, 96]"
147,Visit,10,"[27, 62, 16, 95, 94, 74, 62, 57, 2, 28, 55, 44, 64, 13, 38, 36, 81, 54, 91, 75, 97, 17, 54, 98, 82, 19, 46, 43, 97, 22, 28, 0, 33, 56, 64, 98, 35, 75, 96, 92, 35, 48, 62, 68]","[2, 3, 4, 5, 6, 7, 8, 10, 12, 13, 14, 15, 18, 23, 26, 28, 29, 31, 32, 34, 35, 40, 42, 44, 45, 47, 51, 53, 57, 58, 59, 60, 61, 63, 66, 68, 70, 71, 72, 73, 76, 77, 78, 79, 81, 85, 87, 88, 89, 91, 93, 96]"
148,Push,52,"[52, 27, 62, 16, 95, 94, 74, 62, 57, 2, 28, 55, 44, 64, 13, 38, 36, 81, 54, 91, 75, 97, 17, 54, 98, 82, 19, 46, 43, 97, 22, 28, 0, 33, 56, 64, 98, 35, 75, 96, 92, 35, 48, 62, 68]","[2, 3, 4, 5, 6, 7, 8, 10, 12, 13, 14, 15, 18, 23, 26, 28, 29, 31, 32, 34, 35, 40, 42, 44, 45, 47, 51, 53, 57, 58, 59, 60, 61, 63, 66, 68, 70, 71, 72, 73, 76, 77, 78, 79, 81, 85, 87, 88, 89, 91, 93, 96]"
149,Visit,52,"[27, 62, 16, 95, 94, 74, 62, 57, 2, 28, 55, 44, 64, 13, 38, 36, 81, 54, 91, 75, 97, 17, 54, 98, 82, 19, 46, 43, 97, 22, 28, 0, 33, 56, 64, 98, 35, 75, 96, 92, 35, 48, 62, 68]","[2, 3, 4, 5, 6, 7, 8, 10, 12, 13, 14, 15, 18, 23, 26, 28, 29, 31, 32, 34, 35, 40, 42, 44, 45, 47, 51, 52, 53, 57, 58, 59, 60, 61, 63, 66, 68, 70, 71, 72, 73, 76, 77, 78, 79, 81, 85, 87, 88, 89, 91, 93, 96]"
150,Visit,27,"[62, 16, 95, 94, 74, 62, 57, 2, 28, 55, 44, 64, 13, 38, 36, 81, 54, 91, 75, 97, 17, 54, 98, 82, 19, 46, 43, 97, 22, 28, 0, 33, 56, 64, 98, 35, 75, 96, 92, 35, 48, 62, 68]","[2, 3, 4, 5, 6, 7, 8, 10, 12, 13, 14, 15, 18, 23, 26, 27, 28, 29, 31, 32, 34, 35, 40, 42, 44, 45, 47, 51, 52, 53, 57, 58, 59, 60, 61, 63, 66, 68, 70, 71, 72, 73, 76, 77, 78, 79, 81, 85, 87, 88, 89, 91, 93, 96]"
151,Push,65,"[65, 62, 16, 95, 94, 74, 62, 57, 2, 28, 55, 44, 64, 13, 38, 36, 81, 54, 91, 75, 97, 17, 54, 98, 82, 19, 46, 43, 97, 22, 28, 0, 33, 56, 64, 98, 35, 75, 96, 92, 35, 48, 62, 68]","[2, 3, 4, 5, 6, 7, 8, 10, 12, 13, 14, 15, 18, 23, 26, 27, 28, 29, 31, 32, 34, 35, 40, 42, 44, 45, 47, 51, 52, 53, 57, 58, 59, 60, 61, 63, 66, 68, 70, 71, 72, 73, 76, 77, 78, 79, 81, 85, 87, 88, 89, 91, 93, 96]"
152,Visit,65,"[62, 16, 95, 94, 74, 62, 57, 2, 28, 55, 44, 64, 13, 38, 36, 81, 54, 91, 75, 97, 17, 54, 98, 82, 19, 46, 43, 97, 22, 28, 0, 33, 56, 64, 98, 35, 75, 96, 92, 35, 48, 62, 68]","[2, 3, 4, 5, 6, 7, 8, 10, 12, 13, 14, 15, 18, 23, 26, 27, 28, 29, 31, 32, 34, 35, 40, 42, 44, 45, 47, 51, 52, 53, 57, 58, 59, 60, 61, 63, 65, 66, 68, 70, 71, 72, 73, 76, 77, 78, 79, 81, 85, 87, 88, 89, 91, 93, 96]"
153,Visit,62,"[16, 95, 94, 74, 62, 57, 2, 28, 55, 44, 64, 13, 38, 36, 81, 54, 91, 75, 97, 17, 54, 98, 82, 19, 46, 43, 97, 22, 28, 0, 33, 56, 64, 98, 35, 75, 96, 92, 35, 48, 62, 68]","[2, 3, 4, 5, 6, 7, 8, 10, 12, 13, 14, 15, 18, 23, 26, 27, 28, 29, 31, 32, 34, 35, 40, 42, 44, 45, 47, 51, 52, 53, 57, 58, 59, 60, 61, 62, 63, 65, 66, 68, 70, 71, 72, 73, 76, 77, 78, 79, 81, 85, 87, 88, 89, 91, 93, 96]"
154,Visit,16,"[95, 94, 74, 62, 57, 2, 28, 55, 44, 64, 13, 38, 36, 81, 54, 91, 75, 97, 17, 54, 98, 82, 19, 46, 43, 97, 22, 28, 0, 33, 56, 64, 98, 35, 75, 96, 92, 35, 48, 62, 68]","[2, 3, 4, 5, 6, 7, 8, 10, 12, 13, 14, 15, 16, 18, 23, 26, 27, 28, 29, 31, 32, 34, 35, 40, 42, 44, 45, 47, 51, 52, 53, 57, 58, 59, 60, 61, 62, 63, 65, 66, 68, 70, 71, 72, 73, 76, 77, 78, 79, 81, 85, 87, 88, 89, 91, 93, 96]"
155,Push,95,"[95, 95, 94, 74, 62, 57, 2, 28, 55, 44, 64, 13, 38, 36, 81, 54, 91, 75, 97, 17, 54, 98, 82, 19, 46, 43, 97, 22, 28, 0, 33, 56, 64, 98, 35, 75, 96, 92, 35, 48, 62, 68]","[2, 3, 4, 5, 6, 7, 8, 10, 12, 13, 14, 15, 16, 18, 23, 26, 27, 28, 29, 31, 32, 34, 35, 40, 42, 44, 45, 47, 51, 52, 53, 57, 58, 59, 60, 61, 62, 63, 65, 66, 68, 70, 71, 72, 73, 76, 77, 78, 79, 81, 85, 87, 88, 89, 91, 93, 96]"
156,Visit,95,"[95, 94, 74, 62, 57, 2, 28, 55, 44, 64, 13, 38, 36, 81, 54, 91, 75, 97, 17, 54, 98, 82, 19, 46, 43, 97, 22, 28, 0, 33, 56, 64, 98, 35, 75, 96, 92, 35, 48, 62, 68]","[2, 3, 4, 5, 6, 7, 8, 10, 12, 13, 14, 15, 16, 18, 23, 26, 27, 28, 29, 31, 32, 34, 35, 40, 42, 44, 45, 47, 51, 52, 53, 57, 58, 59, 60, 61, 62, 63, 65, 66, 68, 70, 71, 72, 73, 76, 77, 78, 79, 81, 85, 87, 88, 89, 91, 93, 95, 96]"
157,Visit,94,"[74, 62, 57, 2, 28, 55, 44, 64, 13, 38, 36, 81, 54, 91, 75, 97, 17, 54, 98, 82, 19, 46, 43, 97, 22, 28, 0, 33, 56, 64, 98, 35, 75, 96, 92, 35, 48, 62, 68]","[2, 3, 4, 5, 6, 7, 8, 10, 12, 13, 14, 15, 16, 18, 23, 26, 27, 28, 29, 31, 32, 34, 35, 40, 42, 44, 45, 47, 51, 52, 53, 57, 58, 59, 60, 61, 62, 63, 65, 66, 68, 70, 71, 72, 73, 76, 77, 78, 79, 81, 85, 87, 88, 89, 91, 93, 94, 95, 96]"
158,Visit,74,"[62, 57, 2, 28, 55, 44, 64, 13, 38, 36, 81, 54, 91, 75, 97, 17, 54, 98, 82, 19, 46, 43, 97, 22, 28, 0, 33, 56, 64, 98, 35, 75, 96, 92, 35, 48, 62, 68]","[2, 3, 4, 5, 6, 7, 8, 10, 12, 13, 14, 15, 16, 18, 23, 26, 27, 28, 29, 31, 32, 34, 35, 40, 42, 44, 45, 47, 51, 52, 53, 57, 58, 59, 60, 61, 62, 63, 65, 66, 68, 70, 71, 72, 73, 74, 76, 77, 78, 79, 81, 85, 87, 88, 89, 91, 93, 94, 95, 96]"
159,Visit,55,"[44, 64, 13, 38, 36, 81, 54, 91, 75, 97, 17, 54, 98, 82, 19, 46, 43, 97, 22, 28, 0, 33, 56, 64, 98, 35, 75, 96, 92, 35, 48, 62, 68]","[2, 3, 4, 5, 6, 7, 8, 10, 12, 13, 14, 15, 16, 18, 23, 26, 27, 28, 29, 31, 32, 34, 35, 40, 42, 44, 45, 47, 51, 52, 53, 55, 57, 58, 59, 60, 61, 62, 63, 65, 66, 68, 70, 71, 72, 73, 74, 76, 77, 78, 79, 81, 85, 87, 88, 89, 91, 93, 94, 95, 96]"
160,Visit,64,"[13, 38, 36, 81, 54, 91, 75, 97, 17, 54, 98, 82, 19, 46, 43, 97, 22, 28, 0, 33, 56, 64, 98, 35, 75, 96, 92, 35, 48, 62, 68]","[2, 3, 4, 5, 6, 7, 8, 10, 12, 13, 14, 15, 16, 18, 23, 26, 27, 28, 29, 31, 32, 34, 35, 40, 42, 44, 45, 47, 51, 52, 53, 55, 57, 58, 59, 60, 61, 62, 63, 64, 65, 66, 68, 70, 71, 72, 73, 74, 76, 77, 78, 79, 81, 85, 87, 88, 89, 91, 93, 94, 95, 96]"
161,Visit,38,"[36, 81, 54, 91, 75, 97, 17, 54, 98, 82, 19, 46, 43, 97, 22, 28, 0, 33, 56, 64, 98, 35, 75, 96, 92, 35, 48, 62, 68]","[2, 3, 4, 5, 6, 7, 8, 10, 12, 13, 14, 15, 16, 18, 23, 26, 27, 28, 29, 31, 32, 34, 35, 38, 40, 42, 44, 45, 47, 51, 52, 53, 55, 57, 58, 59, 60, 61, 62, 63, 64, 65, 66, 68, 70, 71, 72, 73, 74, 76, 77, 78, 79, 81, 85, 87, 88, 89, 91, 93, 94, 95, 96]"
162,Push,54,"[54, 36, 81, 54, 91, 75, 97, 17, 54, 98, 82, 19, 46, 43, 97, 22, 28, 0, 33, 56, 64, 98, 35, 75, 96, 92, 35, 48, 62, 68]","[2, 3, 4, 5, 6, 7, 8, 10, 12, 13, 14, 15, 16, 18, 23, 26, 27, 28, 29, 31, 32, 34, 35, 38, 40, 42, 44, 45, 47, 51, 52, 53, 55, 57, 58, 59, 60, 61, 62, 63, 64, 65, 66, 68, 70, 71, 72, 73, 74, 76, 77, 78, 79, 81, 85, 87, 88, 89, 91, 93, 94, 95, 96]"
163,Push,0,"[0, 54, 36, 81, 54, 91, 75, 97, 17, 54, 98, 82, 19, 46, 43, 97, 22, 28, 0, 33, 56, 64, 98, 35, 75, 96, 92, 35, 48, 62, 68]","[2, 3, 4, 5, 6, 7, 8, 10, 12, 13, 14, 15, 16, 18, 23, 26, 27, 28, 29, 31, 32, 34, 35, 38, 40, 42, 44, 45, 47, 51, 52, 53, 55, 57, 58, 59, 60, 61, 62, 63, 64, 65, 66, 68, 70, 71, 72, 73, 74, 76, 77, 78, 79, 81, 85, 87, 88, 89, 91, 93, 94, 95, 96]"
164,Visit,0,"[54, 36, 81, 54, 91, 75, 97, 17, 54, 98, 82, 19, 46, 43, 97, 22, 28, 0, 33, 56, 64, 98, 35, 75, 96, 92, 35, 48, 62, 68]","[0, 2, 3, 4, 5, 6, 7, 8, 10, 12, 13, 14, 15, 16, 18, 23, 26, 27, 28, 29, 31, 32, 34, 35, 38, 40, 42, 44, 45, 47, 51, 52, 53, 55, 57, 58, 59, 60, 61, 62, 63, 64, 65, 66, 68, 70, 71, 72, 73, 74, 76, 77, 78, 79, 81, 85, 87, 88, 89, 91, 93, 94, 95, 96]"
165,Push,83,"[83, 54, 36, 81, 54, 91, 75, 97, 17, 54, 98, 82, 19, 46, 43, 97, 22, 28, 0, 33, 56, 64, 98, 35, 75, 96, 92, 35, 48, 62, 68]","[0, 2, 3, 4, 5, 6, 7, 8, 10, 12, 13, 14, 15, 16, 18, 23, 26, 27, 28, 29, 31, 32, 34, 35, 38, 40, 42, 44, 45, 47, 51, 52, 53, 55, 57, 58, 59, 60, 61, 62, 63, 64, 65, 66, 68, 70, 71, 72, 73, 74, 76, 77, 78, 79, 81, 85, 87, 88, 89, 91, 93, 94, 95, 96]"
166,Visit,83,"[54, 36, 81, 54, 91, 75, 97, 17, 54, 98, 82, 19, 46, 43, 97, 22, 28, 0, 33, 56, 64, 98, 35, 75, 96, 92, 35, 48, 62, 68]","[0, 2, 3, 4, 5, 6, 7, 8, 10, 12, 13, 14, 15, 16, 18, 23, 26, 27, 28, 29, 31, 32, 34, 35, 38, 40, 42, 44, 45, 47, 51, 52, 53, 55, 57, 58, 59, 60, 61, 62, 63, 64, 65, 66, 68, 70, 71, 72, 73, 74, 76, 77, 78, 79, 81, 83, 85, 87, 88, 89, 91, 93, 94, 95, 96]"
167,Push,37,"[37, 54, 36, 81, 54, 91, 75, 97, 17, 54, 98, 82, 19, 46, 43, 97, 22, 28, 0, 33, 56, 64, 98, 35, 75, 96, 92, 35, 48, 62, 68]","[0, 2, 3, 4, 5, 6, 7, 8, 10, 12, 13, 14, 15, 16, 18, 23, 26, 27, 28, 29, 31, 32, 34, 35, 38, 40, 42, 44, 45, 47, 51, 52, 53, 55, 57, 58, 59, 60, 61, 62, 63, 64, 65, 66, 68, 70, 71, 72, 73, 74, 76, 77, 78, 79, 81, 83, 85, 87, 88, 89, 91, 93, 94, 95, 96]"
168,Visit,37,"[54, 36, 81, 54, 91, 75, 97, 17, 54, 98, 82, 19, 46, 43, 97, 22, 28, 0, 33, 56, 64, 98, 35, 75, 96, 92, 35, 48, 62, 68]","[0, 2, 3, 4, 5, 6, 7, 8, 10, 12, 13, 14, 15, 16, 18, 23, 26, 27, 28, 29, 31, 32, 34, 35, 37, 38, 40, 42, 44, 45, 47, 51, 52, 53, 55, 57, 58, 59, 60, 61, 62, 63, 64, 65, 66, 68, 70, 71, 72, 73, 74, 76, 77, 78, 79, 81, 83, 85, 87, 88, 89, 91, 93, 94, 95, 96]"
169,Visit,54,"[36, 81, 54, 91, 75, 97, 17, 54, 98, 82, 19, 46, 43, 97, 22, 28, 0, 33, 56, 64, 98, 35, 75, 96, 92, 35, 48, 62, 68]","[0, 2, 3, 4, 5, 6, 7, 8, 10, 12, 13, 14, 15, 16, 18, 23, 26, 27, 28, 29, 31, 32, 34, 35, 37, 38, 40, 42, 44, 45, 47, 51, 52, 53, 54, 55, 57, 58, 59, 60, 61, 62, 63, 64, 65, 66, 68, 70, 71, 72, 73, 74, 76, 77, 78, 79, 81, 83, 85, 87, 88, 89, 91, 93, 94, 95, 96]"
170,Push,92,"[92, 36, 81, 54, 91, 75, 97, 17, 54, 98, 82, 19, 46, 43, 97, 22, 28, 0, 33, 56, 64, 98, 35, 75, 96, 92, 35, 48, 62, 68]","[0, 2, 3, 4, 5, 6, 7, 8, 10, 12, 13, 14, 15, 16, 18, 23, 26, 27, 28, 29, 31, 32, 34, 35, 37, 38, 40, 42, 44, 45, 47, 51, 52, 53, 54, 55, 57, 58, 59, 60, 61, 62, 63, 64, 65, 66, 68, 70, 71, 72, 73, 74, 76, 77, 78, 79, 81, 83, 85, 87, 88, 89, 91, 93, 94, 95, 96]"
171,Visit,92,"[36, 81, 54, 91, 75, 97, 17, 54, 98, 82, 19, 46, 43, 97, 22, 28, 0, 33, 56, 64, 98, 35, 75, 96, 92, 35, 48, 62, 68]","[0, 2, 3, 4, 5, 6, 7, 8, 10, 12, 13, 14, 15, 16, 18, 23, 26, 27, 28, 29, 31, 32, 34, 35, 37, 38, 40, 42, 44, 45, 47, 51, 52, 53, 54, 55, 57, 58, 59, 60, 61, 62, 63, 64, 65, 66, 68, 70, 71, 72, 73, 74, 76, 77, 78, 79, 81, 83, 85, 87, 88, 89, 91, 92, 93, 94, 95, 96]"
172,Push,80,"[80, 36, 81, 54, 91, 75, 97, 17, 54, 98, 82, 19, 46, 43, 97, 22, 28, 0, 33, 56, 64, 98, 35, 75, 96, 92, 35, 48, 62, 68]","[0, 2, 3, 4, 5, 6, 7, 8, 10, 12, 13, 14, 15, 16, 18, 23, 26, 27, 28, 29, 31, 32, 34, 35, 37, 38, 40, 42, 44, 45, 47, 51, 52, 53, 54, 55, 57, 58, 59, 60, 61, 62, 63, 64, 65, 66, 68, 70, 71, 72, 73, 74, 76, 77, 78, 79, 81, 83, 85, 87, 88, 89, 91, 92, 93, 94, 95, 96]"
173,Push,36,"[36, 80, 36, 81, 54, 91, 75, 97, 17, 54, 98, 82, 19, 46, 43, 97, 22, 28, 0, 33, 56, 64, 98, 35, 75, 96, 92, 35, 48, 62, 68]","[0, 2, 3, 4, 5, 6, 7, 8, 10, 12, 13, 14, 15, 16, 18, 23, 26, 27, 28, 29, 31, 32, 34, 35, 37, 38, 40, 42, 44, 45, 47, 51, 52, 53, 54, 55, 57, 58, 59, 60, 61, 62, 63, 64, 65, 66, 68, 70, 71, 72, 73, 74, 76, 77, 78, 79, 81, 83, 85, 87, 88, 89, 91, 92, 93, 94, 95, 96]"
174,Visit,36,"[80, 36, 81, 54, 91, 75, 97, 17, 54, 98, 82, 19, 46, 43, 97, 22, 28, 0, 33, 56, 64, 98, 35, 75, 96, 92, 35, 48, 62, 68]","[0, 2, 3, 4, 5, 6, 7, 8, 10, 12, 13, 14, 15, 16, 18, 23, 26, 27, 28, 29, 31, 32, 34, 35, 36, 37, 38, 40, 42, 44, 45, 47, 51, 52, 53, 54, 55, 57, 58, 59, 60, 61, 62, 63, 64, 65, 66, 68, 70, 71, 72, 73, 74, 76, 77, 78, 79, 81, 83, 85, 87, 88, 89, 91, 92, 93, 94, 95, 96]"
175,Visit,80,"[36, 81, 54, 91, 75, 97, 17, 54, 98, 82, 19, 46, 43, 97, 22, 28, 0, 33, 56, 64, 98, 35, 75, 96, 92, 35, 48, 62, 68]","[0, 2, 3, 4, 5, 6, 7, 8, 10, 12, 13, 14, 15, 16, 18, 23, 26, 27, 28, 29, 31, 32, 34, 35, 36, 37, 38, 40, 42, 44, 45, 47, 51, 52, 53, 54, 55, 57, 58, 59, 60, 61, 62, 63, 64, 65, 66, 68, 70, 71, 72, 73, 74, 76, 77, 78, 79, 80, 81, 83, 85, 87, 88, 89, 91, 92, 93, 94, 95, 96]"
176,Visit,75,"[97, 17, 54, 98, 82, 19, 46, 43, 97, 22, 28, 0, 33, 56, 64, 98, 35, 75, 96, 92, 35, 48, 62, 68]","[0, 2, 3, 4, 5, 6, 7, 8, 10, 12, 13, 14, 15, 16, 18, 23, 26, 27, 28, 29, 31, 32, 34, 35, 36, 37, 38, 40, 42, 44, 45, 47, 51, 52, 53, 54, 55, 57, 58, 59, 60, 61, 62, 63, 64, 65, 66, 68, 70, 71, 72, 73, 74, 75, 76, 77, 78, 79, 80, 81, 83, 85, 87, 88, 89, 91, 92, 93, 94, 95, 96]"
177,Visit,97,"[17, 54, 98, 82, 19, 46, 43, 97, 22, 28, 0, 33, 56, 64, 98, 35, 75, 96, 92, 35, 48, 62, 68]","[0, 2, 3, 4, 5, 6, 7, 8, 10, 12, 13, 14, 15, 16, 18, 23, 26, 27, 28, 29, 31, 32, 34, 35, 36, 37, 38, 40, 42, 44, 45, 47, 51, 52, 53, 54, 55, 57, 58, 59, 60, 61, 62, 63, 64, 65, 66, 68, 70, 71, 72, 73, 74, 75, 76, 77, 78, 79, 80, 81, 83, 85, 87, 88, 89, 91, 92, 93, 94, 95, 96, 97]"
178,Push,82,"[82, 17, 54, 98, 82, 19, 46, 43, 97, 22, 28, 0, 33, 56, 64, 98, 35, 75, 96, 92, 35, 48, 62, 68]","[0, 2, 3, 4, 5, 6, 7, 8, 10, 12, 13, 14, 15, 16, 18, 23, 26, 27, 28, 29, 31, 32, 34, 35, 36, 37, 38, 40, 42, 44, 45, 47, 51, 52, 53, 54, 55, 57, 58, 59, 60, 61, 62, 63, 64, 65, 66, 68, 70, 71, 72, 73, 74, 75, 76, 77, 78, 79, 80, 81, 83, 85, 87, 88, 89, 91, 92, 93, 94, 95, 96, 97]"
179,Visit,82,"[17, 54, 98, 82, 19, 46, 43, 97, 22, 28, 0, 33, 56, 64, 98, 35, 75, 96, 92, 35, 48, 62, 68]","[0, 2, 3, 4, 5, 6, 7, 8, 10, 12, 13, 14, 15, 16, 18, 23, 26, 27, 28, 29, 31, 32, 34, 35, 36, 37, 38, 40, 42, 44, 45, 47, 51, 52, 53, 54, 55, 57, 58, 59, 60, 61, 62, 63, 64, 65, 66, 68, 70, 71, 72, 73, 74, 75, 76, 77, 78, 79, 80, 81, 82, 83, 85, 87, 88, 89, 91, 92, 93, 94, 95, 96, 97]"
180,Visit,17,"[54, 98, 82, 19, 46, 43, 97, 22, 28, 0, 33, 56, 64, 98, 35, 75, 96, 92, 35, 48, 62, 68]","[0, 2, 3, 4, 5, 6, 7, 8, 10, 12, 13, 14, 15, 16, 17, 18, 23, 26, 27, 28, 29, 31, 32, 34, 35, 36, 37, 38, 40, 42, 44, 45, 47, 51, 52, 53, 54, 55, 57, 58, 59, 60, 61, 62, 63, 64, 65, 66, 68, 70, 71, 72, 73, 74, 75, 76, 77, 78, 79, 80, 81, 82, 83, 85, 87, 88, 89, 91, 92, 93, 94, 95, 96, 97]"
181,Visit,98,"[82, 19, 46, 43, 97, 22, 28, 0, 33, 56, 64, 98, 35, 75, 96, 92, 35, 48, 62, 68]","[0, 2, 3, 4, 5, 6, 7, 8, 10, 12, 13, 14, 15, 16, 17, 18, 23, 26, 27, 28, 29, 31, 32, 34, 35, 36, 37, 38, 40, 42, 44, 45, 47, 51, 52, 53, 54, 55, 57, 58, 59, 60, 61, 62, 63, 64, 65, 66, 68, 70, 71, 72, 73, 74, 75, 76, 77, 78, 79, 80, 81, 82, 83, 85, 87, 88, 89, 91, 92, 93, 94, 95, 96, 97, 98]"
182,Visit,19,"[46, 43, 97, 22, 28, 0, 33, 56, 64, 98, 35, 75, 96, 92, 35, 48, 62, 68]","[0, 2, 3, 4, 5, 6, 7, 8, 10, 12, 13, 14, 15, 16, 17, 18, 19, 23, 26, 27, 28, 29, 31, 32, 34, 35, 36, 37, 38, 40, 42, 44, 45, 47, 51, 52, 53, 54, 55, 57, 58, 59, 60, 61, 62, 63, 64, 65, 66, 68, 70, 71, 72, 73, 74, 75, 76, 77, 78, 79, 80, 81, 82, 83, 85, 87, 88, 89, 91, 92, 93, 94, 95, 96, 97, 98]"
183,Push,84,"[84, 46, 43, 97, 22, 28, 0, 33, 56, 64, 98, 35, 75, 96, 92, 35, 48, 62, 68]","[0, 2, 3, 4, 5, 6, 7, 8, 10, 12, 13, 14, 15, 16, 17, 18, 19, 23, 26, 27, 28, 29, 31, 32, 34, 35, 36, 37, 38, 40, 42, 44, 45, 47, 51, 52, 53, 54, 55, 57, 58, 59, 60, 61, 62, 63, 64, 65, 66, 68, 70, 71, 72, 73, 74, 75, 76, 77, 78, 79, 80, 81, 82, 83, 85, 87, 88, 89, 91, 92, 93, 94, 95, 96, 97, 98]"
184,Visit,84,"[46, 43, 97, 22, 28, 0, 33, 56, 64, 98, 35, 75, 96, 92, 35, 48, 62, 68]","[0, 2, 3, 4, 5, 6, 7, 8, 10, 12, 13, 14, 15, 16, 17, 18, 19, 23, 26, 27, 28, 29, 31, 32, 34, 35, 36, 37, 38, 40, 42, 44, 45, 47, 51, 52, 53, 54, 55, 57, 58, 59, 60, 61, 62, 63, 64, 65, 66, 68, 70, 71, 72, 73, 74, 75, 76, 77, 78, 79, 80, 81, 82, 83, 84, 85, 87, 88, 89, 91, 92, 93, 94, 95, 96, 97, 98]"
185,Visit,46,"[43, 97, 22, 28, 0, 33, 56, 64, 98, 35, 75, 96, 92, 35, 48, 62, 68]","[0, 2, 3, 4, 5, 6, 7, 8, 10, 12, 13, 14, 15, 16, 17, 18, 19, 23, 26, 27, 28, 29, 31, 32, 34, 35, 36, 37, 38, 40, 42, 44, 45, 46, 47, 51, 52, 53, 54, 55, 57, 58, 59, 60, 61, 62, 63, 64, 65, 66, 68, 70, 71, 72, 73, 74, 75, 76, 77, 78, 79, 80, 81, 82, 83, 84, 85, 87, 88, 89, 91, 92, 93, 94, 95, 96, 97, 98]"
186,Visit,43,"[97, 22, 28, 0, 33, 56, 64, 98, 35, 75, 96, 92, 35, 48, 62, 68]","[0, 2, 3, 4, 5, 6, 7, 8, 10, 12, 13, 14, 15, 16, 17, 18, 19, 23, 26, 27, 28, 29, 31, 32, 34, 35, 36, 37, 38, 40, 42, 43, 44, 45, 46, 47, 51, 52, 53, 54, 55, 57, 58, 59, 60, 61, 62, 63, 64, 65, 66, 68, 70, 71, 72, 73, 74, 75, 76, 77, 78, 79, 80, 81, 82, 83, 84, 85, 87, 88, 89, 91, 92, 93, 94, 95, 96, 97, 98]"
187,Visit,22,"[28, 0, 33, 56, 64, 98, 35, 75, 96, 92, 35, 48, 62, 68]","[0, 2, 3, 4, 5, 6, 7, 8, 10, 12, 13, 14, 15, 16, 17, 18, 19, 22, 23, 26, 27, 28, 29, 31, 32, 34, 35, 36, 37, 38, 40, 42, 43, 44, 45, 46, 47, 51, 52, 53, 54, 55, 57, 58, 59, 60, 61, 62, 63, 64, 65, 66, 68, 70, 71, 72, 73, 74, 75, 76, 77, 78, 79, 80, 81, 82, 83, 84, 85, 87, 88, 89, 91, 92, 93, 94, 95, 96, 97, 98]"
188,Visit,33,"[56, 64, 98, 35, 75, 96, 92, 35, 48, 62, 68]","[0, 2, 3, 4, 5, 6, 7, 8, 10, 12, 13, 14, 15, 16, 17, 18, 19, 22, 23, 26, 27, 28, 29, 31, 32, 33, 34, 35, 36, 37, 38, 40, 42, 43, 44, 45, 46, 47, 51, 52, 53, 54, 55, 57, 58, 59, 60, 61, 62, 63, 64, 65, 66, 68, 70, 71, 72, 73, 74, 75, 76, 77, 78, 79, 80, 81, 82, 83, 84, 85, 87, 88, 89, 91, 92, 93, 94, 95, 96, 97, 98]"
189,Visit,56,"[64, 98, 35, 75, 96, 92, 35, 48, 62, 68]","[0, 2, 3, 4, 5, 6, 7, 8, 10, 12, 13, 14, 15, 16, 17, 18, 19, 22, 23, 26, 27, 28, 29, 31, 32, 33, 34, 35, 36, 37, 38, 40, 42, 43, 44, 45, 46, 47, 51, 52, 53, 54, 55, 56, 57, 58, 59, 60, 61, 62, 63, 64, 65, 66, 68, 70, 71, 72, 73, 74, 75, 76, 77, 78, 79, 80, 81, 82, 83, 84, 85, 87, 88, 89, 91, 92, 93, 94, 95, 96, 97, 98]"
190,Visit,48,"[62, 68]","[0, 2, 3, 4, 5, 6, 7, 8, 10, 12, 13, 14, 15, 16, 17, 18, 19, 22, 23, 26, 27, 28, 29, 31, 32, 33, 34, 35, 36, 37, 38, 40, 42, 43, 44, 45, 46, 47, 48, 51, 52, 53, 54, 55, 56, 57, 58, 59, 60, 61, 62, 63, 64, 65, 66, 68, 70, 71, 72, 73, 74, 75, 76, 77, 78, 79, 80, 81, 82, 83, 84, 85, 87, 88, 89, 91, 92, 93, 94, 95, 96, 97, 98]"
191,Push,24,"[24, 62, 68]","[0, 2, 3, 4, 5, 6, 7, 8, 10, 12, 13, 14, 15, 16, 17, 18, 19, 22, 23, 26, 27, 28, 29, 31, 32, 33, 34, 35, 36, 37, 38, 40, 42, 43, 44, 45, 46, 47, 48, 51, 52, 53, 54, 55, 56, 57, 58, 59, 60, 61, 62, 63, 64, 65, 66, 68, 70, 71, 72, 73, 74, 75, 76, 77, 78, 79, 80, 81, 82, 83, 84, 85, 87, 88, 89, 91, 92, 93, 94, 95, 96, 97, 98]"
192,Visit,24,"[62, 68]","[0, 2, 3, 4, 5, 6, 7, 8, 10, 12, 13, 14, 15, 16, 17, 18, 19, 22, 23, 24, 26, 27, 28, 29, 31, 32, 33, 34, 35, 36, 37, 38, 40, 42, 43, 44, 45, 46, 47, 48, 51, 52, 53, 54, 55, 56, 57, 58, 59, 60, 61, 62, 63, 64, 65, 66, 68, 70, 71, 72, 73, 74, 75, 76, 77, 78, 79, 80, 81, 82, 83, 84, 85, 87, 88, 89, 91, 92, 93, 94, 95, 96, 97, 98]"
